shape_group,shape,setup,technique,accuracy,failed,checked,baseline_ms,optimized_ms,speedup
batch×sequence,B1 S32,"B=1,S=32,D=512,H=8,FFN=2048,L=6",00000,PASS,0,32768,1.2966,1.3005,0.997
batch×sequence,B1 S32,"B=1,S=32,D=512,H=8,FFN=2048,L=6",00001,PASS,0,32768,1.2955,1.4069,0.921
batch×sequence,B1 S32,"B=1,S=32,D=512,H=8,FFN=2048,L=6",00010,PASS,0,32768,1.3026,1.4611,0.892
batch×sequence,B1 S32,"B=1,S=32,D=512,H=8,FFN=2048,L=6",00011,PASS,0,32768,1.3391,1.4961,0.895
batch×sequence,B1 S32,"B=1,S=32,D=512,H=8,FFN=2048,L=6",00100,PASS,0,32768,1.3201,2.7910,0.473
batch×sequence,B1 S32,"B=1,S=32,D=512,H=8,FFN=2048,L=6",00101,PASS,0,32768,1.1965,1.3959,0.857
batch×sequence,B1 S32,"B=1,S=32,D=512,H=8,FFN=2048,L=6",00110,PASS,0,32768,1.3007,2.8086,0.463
batch×sequence,B1 S32,"B=1,S=32,D=512,H=8,FFN=2048,L=6",00111,PASS,0,32768,1.2969,1.4608,0.888
batch×sequence,B1 S32,"B=1,S=32,D=512,H=8,FFN=2048,L=6",01000,PASS,0,32768,1.2501,1.1732,1.066
batch×sequence,B1 S32,"B=1,S=32,D=512,H=8,FFN=2048,L=6",01001,PASS,0,32768,1.2792,1.2386,1.033
batch×sequence,B1 S32,"B=1,S=32,D=512,H=8,FFN=2048,L=6",01010,PASS,0,32768,1.2931,1.2728,1.016
batch×sequence,B1 S32,"B=1,S=32,D=512,H=8,FFN=2048,L=6",01011,PASS,0,32768,1.2841,1.2655,1.015
batch×sequence,B1 S32,"B=1,S=32,D=512,H=8,FFN=2048,L=6",01100,PASS,0,32768,1.2372,2.4798,0.499
batch×sequence,B1 S32,"B=1,S=32,D=512,H=8,FFN=2048,L=6",01101,PASS,0,32768,1.2997,1.2431,1.045
batch×sequence,B1 S32,"B=1,S=32,D=512,H=8,FFN=2048,L=6",01110,PASS,0,32768,1.3057,2.6556,0.492
batch×sequence,B1 S32,"B=1,S=32,D=512,H=8,FFN=2048,L=6",01111,PASS,0,32768,1.2972,1.2842,1.010
batch×sequence,B1 S32,"B=1,S=32,D=512,H=8,FFN=2048,L=6",10000,PASS,0,32768,1.3023,1.2219,1.066
batch×sequence,B1 S32,"B=1,S=32,D=512,H=8,FFN=2048,L=6",10001,PASS,0,32768,1.2934,1.2089,1.070
batch×sequence,B1 S32,"B=1,S=32,D=512,H=8,FFN=2048,L=6",10010,PASS,0,32768,1.2580,1.2342,1.019
batch×sequence,B1 S32,"B=1,S=32,D=512,H=8,FFN=2048,L=6",10011,PASS,0,32768,1.3330,1.2758,1.045
batch×sequence,B1 S32,"B=1,S=32,D=512,H=8,FFN=2048,L=6",10100,PASS,0,32768,1.2808,2.5226,0.508
batch×sequence,B1 S32,"B=1,S=32,D=512,H=8,FFN=2048,L=6",10101,PASS,0,32768,1.2902,1.2063,1.070
batch×sequence,B1 S32,"B=1,S=32,D=512,H=8,FFN=2048,L=6",10110,PASS,0,32768,1.1886,2.4975,0.476
batch×sequence,B1 S32,"B=1,S=32,D=512,H=8,FFN=2048,L=6",10111,PASS,0,32768,1.3076,1.2720,1.028
batch×sequence,B1 S32,"B=1,S=32,D=512,H=8,FFN=2048,L=6",11000,PASS,0,32768,1.3404,1.0176,1.317
batch×sequence,B1 S32,"B=1,S=32,D=512,H=8,FFN=2048,L=6",11001,PASS,0,32768,1.2927,1.0149,1.274
batch×sequence,B1 S32,"B=1,S=32,D=512,H=8,FFN=2048,L=6",11010,PASS,0,32768,1.2748,1.0477,1.217
batch×sequence,B1 S32,"B=1,S=32,D=512,H=8,FFN=2048,L=6",11011,PASS,0,32768,1.2966,1.0494,1.236
batch×sequence,B1 S32,"B=1,S=32,D=512,H=8,FFN=2048,L=6",11100,PASS,0,32768,1.3069,2.3443,0.557
batch×sequence,B1 S32,"B=1,S=32,D=512,H=8,FFN=2048,L=6",11101,PASS,0,32768,1.3041,1.0238,1.274
batch×sequence,B1 S32,"B=1,S=32,D=512,H=8,FFN=2048,L=6",11110,PASS,0,32768,1.3080,2.4119,0.542
batch×sequence,B1 S32,"B=1,S=32,D=512,H=8,FFN=2048,L=6",11111,PASS,0,32768,1.2352,0.9733,1.269
batch×sequence,B1 S64,"B=1,S=64,D=512,H=8,FFN=2048,L=6",00000,PASS,0,65536,1.2696,1.2642,1.004
batch×sequence,B1 S64,"B=1,S=64,D=512,H=8,FFN=2048,L=6",00001,PASS,0,65536,1.2485,1.3640,0.915
batch×sequence,B1 S64,"B=1,S=64,D=512,H=8,FFN=2048,L=6",00010,PASS,0,65536,1.2675,1.4092,0.899
batch×sequence,B1 S64,"B=1,S=64,D=512,H=8,FFN=2048,L=6",00011,PASS,0,65536,1.2647,1.4120,0.896
batch×sequence,B1 S64,"B=1,S=64,D=512,H=8,FFN=2048,L=6",00100,PASS,0,65536,1.2704,2.6929,0.472
batch×sequence,B1 S64,"B=1,S=64,D=512,H=8,FFN=2048,L=6",00101,PASS,0,65536,1.2704,1.3987,0.908
batch×sequence,B1 S64,"B=1,S=64,D=512,H=8,FFN=2048,L=6",00110,PASS,0,65536,1.2707,2.7884,0.456
batch×sequence,B1 S64,"B=1,S=64,D=512,H=8,FFN=2048,L=6",00111,PASS,0,65536,1.2687,1.4376,0.882
batch×sequence,B1 S64,"B=1,S=64,D=512,H=8,FFN=2048,L=6",01000,PASS,0,65536,1.2690,1.2022,1.055
batch×sequence,B1 S64,"B=1,S=64,D=512,H=8,FFN=2048,L=6",01001,PASS,0,65536,1.2690,1.2014,1.056
batch×sequence,B1 S64,"B=1,S=64,D=512,H=8,FFN=2048,L=6",01010,PASS,0,65536,1.2780,1.2690,1.007
batch×sequence,B1 S64,"B=1,S=64,D=512,H=8,FFN=2048,L=6",01011,PASS,0,65536,1.2687,1.2687,1.000
batch×sequence,B1 S64,"B=1,S=64,D=512,H=8,FFN=2048,L=6",01100,PASS,0,65536,1.2678,2.4931,0.509
batch×sequence,B1 S64,"B=1,S=64,D=512,H=8,FFN=2048,L=6",01101,PASS,0,65536,1.2575,1.1922,1.055
batch×sequence,B1 S64,"B=1,S=64,D=512,H=8,FFN=2048,L=6",01110,PASS,0,65536,1.2081,2.5062,0.482
batch×sequence,B1 S64,"B=1,S=64,D=512,H=8,FFN=2048,L=6",01111,PASS,0,65536,1.2082,1.2028,1.005
batch×sequence,B1 S64,"B=1,S=64,D=512,H=8,FFN=2048,L=6",10000,PASS,0,65536,1.2529,1.1604,1.080
batch×sequence,B1 S64,"B=1,S=64,D=512,H=8,FFN=2048,L=6",10001,PASS,0,65536,1.2643,1.1584,1.091
batch×sequence,B1 S64,"B=1,S=64,D=512,H=8,FFN=2048,L=6",10010,PASS,0,65536,1.2648,1.1762,1.075
batch×sequence,B1 S64,"B=1,S=64,D=512,H=8,FFN=2048,L=6",10011,PASS,0,65536,1.2648,1.2300,1.028
batch×sequence,B1 S64,"B=1,S=64,D=512,H=8,FFN=2048,L=6",10100,PASS,0,65536,1.2737,2.5592,0.498
batch×sequence,B1 S64,"B=1,S=64,D=512,H=8,FFN=2048,L=6",10101,PASS,0,65536,1.2451,1.1582,1.075
batch×sequence,B1 S64,"B=1,S=64,D=512,H=8,FFN=2048,L=6",10110,PASS,0,65536,1.3078,2.7254,0.480
batch×sequence,B1 S64,"B=1,S=64,D=512,H=8,FFN=2048,L=6",10111,PASS,0,65536,1.3042,1.2404,1.051
batch×sequence,B1 S64,"B=1,S=64,D=512,H=8,FFN=2048,L=6",11000,PASS,0,65536,1.3026,1.0176,1.280
batch×sequence,B1 S64,"B=1,S=64,D=512,H=8,FFN=2048,L=6",11001,PASS,0,65536,1.2996,1.0007,1.299
batch×sequence,B1 S64,"B=1,S=64,D=512,H=8,FFN=2048,L=6",11010,PASS,0,65536,1.3331,1.0671,1.249
batch×sequence,B1 S64,"B=1,S=64,D=512,H=8,FFN=2048,L=6",11011,PASS,0,65536,1.2353,0.9923,1.245
batch×sequence,B1 S64,"B=1,S=64,D=512,H=8,FFN=2048,L=6",11100,PASS,0,65536,1.1638,2.1299,0.546
batch×sequence,B1 S64,"B=1,S=64,D=512,H=8,FFN=2048,L=6",11101,PASS,0,65536,1.2514,0.9808,1.276
batch×sequence,B1 S64,"B=1,S=64,D=512,H=8,FFN=2048,L=6",11110,PASS,0,65536,1.2616,2.2426,0.563
batch×sequence,B1 S64,"B=1,S=64,D=512,H=8,FFN=2048,L=6",11111,PASS,0,65536,1.2664,1.0267,1.233
batch×sequence,B1 S128,"B=1,S=128,D=512,H=8,FFN=2048,L=6",00000,PASS,0,131072,1.2362,1.2371,0.999
batch×sequence,B1 S128,"B=1,S=128,D=512,H=8,FFN=2048,L=6",00001,PASS,0,131072,1.2438,1.3826,0.900
batch×sequence,B1 S128,"B=1,S=128,D=512,H=8,FFN=2048,L=6",00010,PASS,0,131072,1.2437,1.4240,0.873
batch×sequence,B1 S128,"B=1,S=128,D=512,H=8,FFN=2048,L=6",00011,PASS,0,131072,1.2474,1.4210,0.878
batch×sequence,B1 S128,"B=1,S=128,D=512,H=8,FFN=2048,L=6",00100,PASS,0,131072,1.3006,2.8121,0.463
batch×sequence,B1 S128,"B=1,S=128,D=512,H=8,FFN=2048,L=6",00101,PASS,0,131072,1.2989,1.4015,0.927
batch×sequence,B1 S128,"B=1,S=128,D=512,H=8,FFN=2048,L=6",00110,PASS,0,131072,1.2463,2.8720,0.434
batch×sequence,B1 S128,"B=1,S=128,D=512,H=8,FFN=2048,L=6",00111,PASS,0,131072,1.2985,1.4341,0.905
batch×sequence,B1 S128,"B=1,S=128,D=512,H=8,FFN=2048,L=6",01000,PASS,0,131072,1.2418,1.1541,1.076
batch×sequence,B1 S128,"B=1,S=128,D=512,H=8,FFN=2048,L=6",01001,PASS,0,131072,1.2412,1.1303,1.098
batch×sequence,B1 S128,"B=1,S=128,D=512,H=8,FFN=2048,L=6",01010,PASS,0,131072,1.2375,1.2356,1.002
batch×sequence,B1 S128,"B=1,S=128,D=512,H=8,FFN=2048,L=6",01011,PASS,0,131072,1.1981,1.1770,1.018
batch×sequence,B1 S128,"B=1,S=128,D=512,H=8,FFN=2048,L=6",01100,PASS,0,131072,1.3061,2.5351,0.515
batch×sequence,B1 S128,"B=1,S=128,D=512,H=8,FFN=2048,L=6",01101,PASS,0,131072,1.2807,1.1748,1.090
batch×sequence,B1 S128,"B=1,S=128,D=512,H=8,FFN=2048,L=6",01110,PASS,0,131072,1.3042,2.5502,0.511
batch×sequence,B1 S128,"B=1,S=128,D=512,H=8,FFN=2048,L=6",01111,PASS,0,131072,1.2438,1.2349,1.007
batch×sequence,B1 S128,"B=1,S=128,D=512,H=8,FFN=2048,L=6",10000,PASS,0,131072,1.2843,1.1712,1.097
batch×sequence,B1 S128,"B=1,S=128,D=512,H=8,FFN=2048,L=6",10001,PASS,0,131072,1.3015,1.1957,1.088
batch×sequence,B1 S128,"B=1,S=128,D=512,H=8,FFN=2048,L=6",10010,PASS,0,131072,1.3022,1.2465,1.045
batch×sequence,B1 S128,"B=1,S=128,D=512,H=8,FFN=2048,L=6",10011,PASS,0,131072,1.3011,1.2475,1.043
batch×sequence,B1 S128,"B=1,S=128,D=512,H=8,FFN=2048,L=6",10100,PASS,0,131072,1.3022,2.6328,0.495
batch×sequence,B1 S128,"B=1,S=128,D=512,H=8,FFN=2048,L=6",10101,PASS,0,131072,1.2974,1.2001,1.081
batch×sequence,B1 S128,"B=1,S=128,D=512,H=8,FFN=2048,L=6",10110,PASS,0,131072,1.2836,2.6527,0.484
batch×sequence,B1 S128,"B=1,S=128,D=512,H=8,FFN=2048,L=6",10111,PASS,0,131072,1.2472,1.2443,1.002
batch×sequence,B1 S128,"B=1,S=128,D=512,H=8,FFN=2048,L=6",11000,PASS,0,131072,1.1797,0.9202,1.282
batch×sequence,B1 S128,"B=1,S=128,D=512,H=8,FFN=2048,L=6",11001,PASS,0,131072,1.2874,0.9788,1.315
batch×sequence,B1 S128,"B=1,S=128,D=512,H=8,FFN=2048,L=6",11010,PASS,0,131072,1.1836,0.9420,1.257
batch×sequence,B1 S128,"B=1,S=128,D=512,H=8,FFN=2048,L=6",11011,PASS,0,131072,1.2418,0.9928,1.251
batch×sequence,B1 S128,"B=1,S=128,D=512,H=8,FFN=2048,L=6",11100,PASS,0,131072,1.2486,2.2681,0.551
batch×sequence,B1 S128,"B=1,S=128,D=512,H=8,FFN=2048,L=6",11101,PASS,0,131072,1.2418,0.9806,1.266
batch×sequence,B1 S128,"B=1,S=128,D=512,H=8,FFN=2048,L=6",11110,PASS,0,131072,1.2499,2.3305,0.536
batch×sequence,B1 S128,"B=1,S=128,D=512,H=8,FFN=2048,L=6",11111,PASS,0,131072,1.2911,1.0021,1.288
batch×sequence,B1 S256,"B=1,S=256,D=512,H=8,FFN=2048,L=6",00000,PASS,0,262144,1.3771,1.3765,1.000
batch×sequence,B1 S256,"B=1,S=256,D=512,H=8,FFN=2048,L=6",00001,PASS,0,262144,1.3778,1.4063,0.980
batch×sequence,B1 S256,"B=1,S=256,D=512,H=8,FFN=2048,L=6",00010,PASS,0,262144,1.3776,1.4284,0.964
batch×sequence,B1 S256,"B=1,S=256,D=512,H=8,FFN=2048,L=6",00011,PASS,0,262144,1.3771,1.4274,0.965
batch×sequence,B1 S256,"B=1,S=256,D=512,H=8,FFN=2048,L=6",00100,PASS,0,262144,1.3757,2.7386,0.502
batch×sequence,B1 S256,"B=1,S=256,D=512,H=8,FFN=2048,L=6",00101,PASS,0,262144,1.3760,2.7323,0.504
batch×sequence,B1 S256,"B=1,S=256,D=512,H=8,FFN=2048,L=6",00110,PASS,0,262144,1.3759,2.8255,0.487
batch×sequence,B1 S256,"B=1,S=256,D=512,H=8,FFN=2048,L=6",00111,PASS,0,262144,1.3750,2.7933,0.492
batch×sequence,B1 S256,"B=1,S=256,D=512,H=8,FFN=2048,L=6",01000,PASS,0,262144,1.3770,1.4109,0.976
batch×sequence,B1 S256,"B=1,S=256,D=512,H=8,FFN=2048,L=6",01001,PASS,0,262144,1.3770,1.4100,0.977
batch×sequence,B1 S256,"B=1,S=256,D=512,H=8,FFN=2048,L=6",01010,PASS,0,262144,1.3760,1.4301,0.962
batch×sequence,B1 S256,"B=1,S=256,D=512,H=8,FFN=2048,L=6",01011,PASS,0,262144,1.3769,1.4303,0.963
batch×sequence,B1 S256,"B=1,S=256,D=512,H=8,FFN=2048,L=6",01100,PASS,0,262144,1.3763,2.5368,0.543
batch×sequence,B1 S256,"B=1,S=256,D=512,H=8,FFN=2048,L=6",01101,PASS,0,262144,1.3762,2.5344,0.543
batch×sequence,B1 S256,"B=1,S=256,D=512,H=8,FFN=2048,L=6",01110,PASS,0,262144,1.3755,2.5779,0.534
batch×sequence,B1 S256,"B=1,S=256,D=512,H=8,FFN=2048,L=6",01111,PASS,0,262144,1.3749,2.5540,0.538
batch×sequence,B1 S256,"B=1,S=256,D=512,H=8,FFN=2048,L=6",10000,PASS,0,262144,1.3761,1.2165,1.131
batch×sequence,B1 S256,"B=1,S=256,D=512,H=8,FFN=2048,L=6",10001,PASS,0,262144,1.3762,1.2184,1.130
batch×sequence,B1 S256,"B=1,S=256,D=512,H=8,FFN=2048,L=6",10010,PASS,0,262144,1.3760,1.2388,1.111
batch×sequence,B1 S256,"B=1,S=256,D=512,H=8,FFN=2048,L=6",10011,PASS,0,262144,1.3769,1.2377,1.112
batch×sequence,B1 S256,"B=1,S=256,D=512,H=8,FFN=2048,L=6",10100,PASS,0,262144,1.3751,2.5586,0.537
batch×sequence,B1 S256,"B=1,S=256,D=512,H=8,FFN=2048,L=6",10101,PASS,0,262144,1.3748,2.5637,0.536
batch×sequence,B1 S256,"B=1,S=256,D=512,H=8,FFN=2048,L=6",10110,PASS,0,262144,1.3759,2.6909,0.511
batch×sequence,B1 S256,"B=1,S=256,D=512,H=8,FFN=2048,L=6",10111,PASS,0,262144,1.3760,2.7022,0.509
batch×sequence,B1 S256,"B=1,S=256,D=512,H=8,FFN=2048,L=6",11000,PASS,0,262144,1.3752,1.2219,1.125
batch×sequence,B1 S256,"B=1,S=256,D=512,H=8,FFN=2048,L=6",11001,PASS,0,262144,1.3759,1.2195,1.128
batch×sequence,B1 S256,"B=1,S=256,D=512,H=8,FFN=2048,L=6",11010,PASS,0,262144,1.3751,1.2420,1.107
batch×sequence,B1 S256,"B=1,S=256,D=512,H=8,FFN=2048,L=6",11011,PASS,0,262144,1.3756,1.2420,1.108
batch×sequence,B1 S256,"B=1,S=256,D=512,H=8,FFN=2048,L=6",11100,PASS,0,262144,1.3740,2.2470,0.611
batch×sequence,B1 S256,"B=1,S=256,D=512,H=8,FFN=2048,L=6",11101,PASS,0,262144,1.3748,2.2300,0.617
batch×sequence,B1 S256,"B=1,S=256,D=512,H=8,FFN=2048,L=6",11110,PASS,0,262144,1.3737,2.3239,0.591
batch×sequence,B1 S256,"B=1,S=256,D=512,H=8,FFN=2048,L=6",11111,PASS,0,262144,1.3732,2.3500,0.584
batch×sequence,B2 S32,"B=2,S=32,D=512,H=8,FFN=2048,L=6",00000,PASS,0,65536,1.2576,1.2640,0.995
batch×sequence,B2 S32,"B=2,S=32,D=512,H=8,FFN=2048,L=6",00001,PASS,0,65536,1.2646,1.3915,0.909
batch×sequence,B2 S32,"B=2,S=32,D=512,H=8,FFN=2048,L=6",00010,PASS,0,65536,1.2936,1.4430,0.896
batch×sequence,B2 S32,"B=2,S=32,D=512,H=8,FFN=2048,L=6",00011,PASS,0,65536,1.3212,1.4738,0.896
batch×sequence,B2 S32,"B=2,S=32,D=512,H=8,FFN=2048,L=6",00100,PASS,0,65536,1.3287,2.7894,0.476
batch×sequence,B2 S32,"B=2,S=32,D=512,H=8,FFN=2048,L=6",00101,PASS,0,65536,1.2728,1.4099,0.903
batch×sequence,B2 S32,"B=2,S=32,D=512,H=8,FFN=2048,L=6",00110,PASS,0,65536,1.2673,2.8119,0.451
batch×sequence,B2 S32,"B=2,S=32,D=512,H=8,FFN=2048,L=6",00111,PASS,0,65536,1.2441,1.4205,0.876
batch×sequence,B2 S32,"B=2,S=32,D=512,H=8,FFN=2048,L=6",01000,PASS,0,65536,1.1920,1.1881,1.003
batch×sequence,B2 S32,"B=2,S=32,D=512,H=8,FFN=2048,L=6",01001,PASS,0,65536,1.2640,1.2214,1.035
batch×sequence,B2 S32,"B=2,S=32,D=512,H=8,FFN=2048,L=6",01010,PASS,0,65536,1.2534,1.2360,1.014
batch×sequence,B2 S32,"B=2,S=32,D=512,H=8,FFN=2048,L=6",01011,PASS,0,65536,1.2689,1.2584,1.008
batch×sequence,B2 S32,"B=2,S=32,D=512,H=8,FFN=2048,L=6",01100,PASS,0,65536,1.2626,2.4336,0.519
batch×sequence,B2 S32,"B=2,S=32,D=512,H=8,FFN=2048,L=6",01101,PASS,0,65536,1.2639,1.2238,1.033
batch×sequence,B2 S32,"B=2,S=32,D=512,H=8,FFN=2048,L=6",01110,PASS,0,65536,1.2810,2.5284,0.507
batch×sequence,B2 S32,"B=2,S=32,D=512,H=8,FFN=2048,L=6",01111,PASS,0,65536,1.3108,1.2922,1.014
batch×sequence,B2 S32,"B=2,S=32,D=512,H=8,FFN=2048,L=6",10000,PASS,0,65536,1.2899,1.2587,1.025
batch×sequence,B2 S32,"B=2,S=32,D=512,H=8,FFN=2048,L=6",10001,PASS,0,65536,1.3145,1.3043,1.008
batch×sequence,B2 S32,"B=2,S=32,D=512,H=8,FFN=2048,L=6",10010,PASS,0,65536,1.2908,1.3104,0.985
batch×sequence,B2 S32,"B=2,S=32,D=512,H=8,FFN=2048,L=6",10011,PASS,0,65536,1.3012,1.3241,0.983
batch×sequence,B2 S32,"B=2,S=32,D=512,H=8,FFN=2048,L=6",10100,PASS,0,65536,1.2560,2.5782,0.487
batch×sequence,B2 S32,"B=2,S=32,D=512,H=8,FFN=2048,L=6",10101,PASS,0,65536,1.2860,1.2790,1.005
batch×sequence,B2 S32,"B=2,S=32,D=512,H=8,FFN=2048,L=6",10110,PASS,0,65536,1.3079,2.6793,0.488
batch×sequence,B2 S32,"B=2,S=32,D=512,H=8,FFN=2048,L=6",10111,PASS,0,65536,1.3098,1.3260,0.988
batch×sequence,B2 S32,"B=2,S=32,D=512,H=8,FFN=2048,L=6",11000,PASS,0,65536,1.3093,1.0256,1.277
batch×sequence,B2 S32,"B=2,S=32,D=512,H=8,FFN=2048,L=6",11001,PASS,0,65536,1.2642,0.9726,1.300
batch×sequence,B2 S32,"B=2,S=32,D=512,H=8,FFN=2048,L=6",11010,PASS,0,65536,1.2663,1.0192,1.243
batch×sequence,B2 S32,"B=2,S=32,D=512,H=8,FFN=2048,L=6",11011,PASS,0,65536,1.2671,1.0332,1.226
batch×sequence,B2 S32,"B=2,S=32,D=512,H=8,FFN=2048,L=6",11100,PASS,0,65536,1.2673,2.2165,0.572
batch×sequence,B2 S32,"B=2,S=32,D=512,H=8,FFN=2048,L=6",11101,PASS,0,65536,1.2828,1.0022,1.280
batch×sequence,B2 S32,"B=2,S=32,D=512,H=8,FFN=2048,L=6",11110,PASS,0,65536,1.3310,2.3935,0.556
batch×sequence,B2 S32,"B=2,S=32,D=512,H=8,FFN=2048,L=6",11111,PASS,0,65536,1.3253,1.0763,1.231
batch×sequence,B2 S64,"B=2,S=64,D=512,H=8,FFN=2048,L=6",00000,PASS,0,131072,1.2948,1.2749,1.016
batch×sequence,B2 S64,"B=2,S=64,D=512,H=8,FFN=2048,L=6",00001,PASS,0,131072,1.2468,1.3860,0.900
batch×sequence,B2 S64,"B=2,S=64,D=512,H=8,FFN=2048,L=6",00010,PASS,0,131072,1.2484,1.4176,0.881
batch×sequence,B2 S64,"B=2,S=64,D=512,H=8,FFN=2048,L=6",00011,PASS,0,131072,1.2440,1.4122,0.881
batch×sequence,B2 S64,"B=2,S=64,D=512,H=8,FFN=2048,L=6",00100,PASS,0,131072,1.2500,2.7024,0.463
batch×sequence,B2 S64,"B=2,S=64,D=512,H=8,FFN=2048,L=6",00101,PASS,0,131072,1.2397,1.3763,0.901
batch×sequence,B2 S64,"B=2,S=64,D=512,H=8,FFN=2048,L=6",00110,PASS,0,131072,1.2436,2.7925,0.445
batch×sequence,B2 S64,"B=2,S=64,D=512,H=8,FFN=2048,L=6",00111,PASS,0,131072,1.2467,1.4200,0.878
batch×sequence,B2 S64,"B=2,S=64,D=512,H=8,FFN=2048,L=6",01000,PASS,0,131072,1.3031,1.2279,1.061
batch×sequence,B2 S64,"B=2,S=64,D=512,H=8,FFN=2048,L=6",01001,PASS,0,131072,1.2454,1.2001,1.038
batch×sequence,B2 S64,"B=2,S=64,D=512,H=8,FFN=2048,L=6",01010,PASS,0,131072,1.3017,1.2489,1.042
batch×sequence,B2 S64,"B=2,S=64,D=512,H=8,FFN=2048,L=6",01011,PASS,0,131072,1.3070,1.3060,1.001
batch×sequence,B2 S64,"B=2,S=64,D=512,H=8,FFN=2048,L=6",01100,PASS,0,131072,1.3091,2.5892,0.506
batch×sequence,B2 S64,"B=2,S=64,D=512,H=8,FFN=2048,L=6",01101,PASS,0,131072,1.3081,1.2314,1.062
batch×sequence,B2 S64,"B=2,S=64,D=512,H=8,FFN=2048,L=6",01110,PASS,0,131072,1.2837,2.5746,0.499
batch×sequence,B2 S64,"B=2,S=64,D=512,H=8,FFN=2048,L=6",01111,PASS,0,131072,1.2391,1.1849,1.046
batch×sequence,B2 S64,"B=2,S=64,D=512,H=8,FFN=2048,L=6",10000,PASS,0,131072,1.1996,1.1640,1.031
batch×sequence,B2 S64,"B=2,S=64,D=512,H=8,FFN=2048,L=6",10001,PASS,0,131072,1.1813,1.1695,1.010
batch×sequence,B2 S64,"B=2,S=64,D=512,H=8,FFN=2048,L=6",10010,PASS,0,131072,1.1808,1.2632,0.935
batch×sequence,B2 S64,"B=2,S=64,D=512,H=8,FFN=2048,L=6",10011,PASS,0,131072,1.2407,1.2699,0.977
batch×sequence,B2 S64,"B=2,S=64,D=512,H=8,FFN=2048,L=6",10100,PASS,0,131072,1.2427,2.5828,0.481
batch×sequence,B2 S64,"B=2,S=64,D=512,H=8,FFN=2048,L=6",10101,PASS,0,131072,1.1711,1.1458,1.022
batch×sequence,B2 S64,"B=2,S=64,D=512,H=8,FFN=2048,L=6",10110,PASS,0,131072,1.2643,2.6594,0.475
batch×sequence,B2 S64,"B=2,S=64,D=512,H=8,FFN=2048,L=6",10111,PASS,0,131072,1.2447,1.2834,0.970
batch×sequence,B2 S64,"B=2,S=64,D=512,H=8,FFN=2048,L=6",11000,PASS,0,131072,1.2818,0.9919,1.292
batch×sequence,B2 S64,"B=2,S=64,D=512,H=8,FFN=2048,L=6",11001,PASS,0,131072,1.2512,0.9935,1.259
batch×sequence,B2 S64,"B=2,S=64,D=512,H=8,FFN=2048,L=6",11010,PASS,0,131072,1.2444,1.0138,1.227
batch×sequence,B2 S64,"B=2,S=64,D=512,H=8,FFN=2048,L=6",11011,PASS,0,131072,1.2607,1.0150,1.242
batch×sequence,B2 S64,"B=2,S=64,D=512,H=8,FFN=2048,L=6",11100,PASS,0,131072,1.2643,2.3036,0.549
batch×sequence,B2 S64,"B=2,S=64,D=512,H=8,FFN=2048,L=6",11101,PASS,0,131072,1.2381,0.9932,1.247
batch×sequence,B2 S64,"B=2,S=64,D=512,H=8,FFN=2048,L=6",11110,PASS,0,131072,1.2451,2.3468,0.531
batch×sequence,B2 S64,"B=2,S=64,D=512,H=8,FFN=2048,L=6",11111,PASS,0,131072,1.2719,1.0148,1.253
batch×sequence,B2 S128,"B=2,S=128,D=512,H=8,FFN=2048,L=6",00000,PASS,0,262144,1.3098,1.3096,1.000
batch×sequence,B2 S128,"B=2,S=128,D=512,H=8,FFN=2048,L=6",00001,PASS,0,262144,1.3087,1.3424,0.975
batch×sequence,B2 S128,"B=2,S=128,D=512,H=8,FFN=2048,L=6",00010,PASS,0,262144,1.3089,1.3630,0.960
batch×sequence,B2 S128,"B=2,S=128,D=512,H=8,FFN=2048,L=6",00011,PASS,0,262144,1.3094,1.3628,0.961
batch×sequence,B2 S128,"B=2,S=128,D=512,H=8,FFN=2048,L=6",00100,PASS,0,262144,1.3078,2.7449,0.476
batch×sequence,B2 S128,"B=2,S=128,D=512,H=8,FFN=2048,L=6",00101,PASS,0,262144,1.3086,2.7662,0.473
batch×sequence,B2 S128,"B=2,S=128,D=512,H=8,FFN=2048,L=6",00110,PASS,0,262144,1.3155,2.8999,0.454
batch×sequence,B2 S128,"B=2,S=128,D=512,H=8,FFN=2048,L=6",00111,PASS,0,262144,1.3104,2.8799,0.455
batch×sequence,B2 S128,"B=2,S=128,D=512,H=8,FFN=2048,L=6",01000,PASS,0,262144,1.3115,1.3186,0.995
batch×sequence,B2 S128,"B=2,S=128,D=512,H=8,FFN=2048,L=6",01001,PASS,0,262144,1.3109,1.3178,0.995
batch×sequence,B2 S128,"B=2,S=128,D=512,H=8,FFN=2048,L=6",01010,PASS,0,262144,1.3104,1.3384,0.979
batch×sequence,B2 S128,"B=2,S=128,D=512,H=8,FFN=2048,L=6",01011,PASS,0,262144,1.3113,1.3389,0.979
batch×sequence,B2 S128,"B=2,S=128,D=512,H=8,FFN=2048,L=6",01100,PASS,0,262144,1.3096,2.3718,0.552
batch×sequence,B2 S128,"B=2,S=128,D=512,H=8,FFN=2048,L=6",01101,PASS,0,262144,1.3112,2.5053,0.523
batch×sequence,B2 S128,"B=2,S=128,D=512,H=8,FFN=2048,L=6",01110,PASS,0,262144,1.3127,2.6142,0.502
batch×sequence,B2 S128,"B=2,S=128,D=512,H=8,FFN=2048,L=6",01111,PASS,0,262144,1.3114,2.5697,0.510
batch×sequence,B2 S128,"B=2,S=128,D=512,H=8,FFN=2048,L=6",10000,PASS,0,262144,1.3106,1.2200,1.074
batch×sequence,B2 S128,"B=2,S=128,D=512,H=8,FFN=2048,L=6",10001,PASS,0,262144,1.3097,1.2195,1.074
batch×sequence,B2 S128,"B=2,S=128,D=512,H=8,FFN=2048,L=6",10010,PASS,0,262144,1.3114,1.2411,1.057
batch×sequence,B2 S128,"B=2,S=128,D=512,H=8,FFN=2048,L=6",10011,PASS,0,262144,1.3121,1.2427,1.056
batch×sequence,B2 S128,"B=2,S=128,D=512,H=8,FFN=2048,L=6",10100,PASS,0,262144,1.3117,2.7117,0.484
batch×sequence,B2 S128,"B=2,S=128,D=512,H=8,FFN=2048,L=6",10101,PASS,0,262144,1.3119,2.6279,0.499
batch×sequence,B2 S128,"B=2,S=128,D=512,H=8,FFN=2048,L=6",10110,PASS,0,262144,1.3084,2.7028,0.484
batch×sequence,B2 S128,"B=2,S=128,D=512,H=8,FFN=2048,L=6",10111,PASS,0,262144,1.3103,2.6554,0.493
batch×sequence,B2 S128,"B=2,S=128,D=512,H=8,FFN=2048,L=6",11000,PASS,0,262144,1.3106,1.1034,1.188
batch×sequence,B2 S128,"B=2,S=128,D=512,H=8,FFN=2048,L=6",11001,PASS,0,262144,1.3124,1.1273,1.164
batch×sequence,B2 S128,"B=2,S=128,D=512,H=8,FFN=2048,L=6",11010,PASS,0,262144,1.3117,1.1430,1.148
batch×sequence,B2 S128,"B=2,S=128,D=512,H=8,FFN=2048,L=6",11011,PASS,0,262144,1.3104,1.1493,1.140
batch×sequence,B2 S128,"B=2,S=128,D=512,H=8,FFN=2048,L=6",11100,PASS,0,262144,1.3095,2.2272,0.588
batch×sequence,B2 S128,"B=2,S=128,D=512,H=8,FFN=2048,L=6",11101,PASS,0,262144,1.3127,2.3043,0.570
batch×sequence,B2 S128,"B=2,S=128,D=512,H=8,FFN=2048,L=6",11110,PASS,0,262144,1.3104,2.3980,0.546
batch×sequence,B2 S128,"B=2,S=128,D=512,H=8,FFN=2048,L=6",11111,PASS,0,262144,1.3117,2.4014,0.546
batch×sequence,B2 S256,"B=2,S=256,D=512,H=8,FFN=2048,L=6",00000,PASS,0,524288,2.0067,2.0004,1.003
batch×sequence,B2 S256,"B=2,S=256,D=512,H=8,FFN=2048,L=6",00001,PASS,0,524288,2.0016,2.0597,0.972
batch×sequence,B2 S256,"B=2,S=256,D=512,H=8,FFN=2048,L=6",00010,PASS,0,524288,2.0046,2.0730,0.967
batch×sequence,B2 S256,"B=2,S=256,D=512,H=8,FFN=2048,L=6",00011,PASS,0,524288,2.0101,2.0731,0.970
batch×sequence,B2 S256,"B=2,S=256,D=512,H=8,FFN=2048,L=6",00100,PASS,0,524288,2.0055,2.8751,0.698
batch×sequence,B2 S256,"B=2,S=256,D=512,H=8,FFN=2048,L=6",00101,PASS,0,524288,2.0064,2.8004,0.716
batch×sequence,B2 S256,"B=2,S=256,D=512,H=8,FFN=2048,L=6",00110,PASS,0,524288,2.0084,2.8303,0.710
batch×sequence,B2 S256,"B=2,S=256,D=512,H=8,FFN=2048,L=6",00111,PASS,0,524288,2.0036,2.8592,0.701
batch×sequence,B2 S256,"B=2,S=256,D=512,H=8,FFN=2048,L=6",01000,PASS,0,524288,2.0087,1.9972,1.006
batch×sequence,B2 S256,"B=2,S=256,D=512,H=8,FFN=2048,L=6",01001,PASS,0,524288,2.0104,1.9983,1.006
batch×sequence,B2 S256,"B=2,S=256,D=512,H=8,FFN=2048,L=6",01010,PASS,0,524288,2.0128,2.0166,0.998
batch×sequence,B2 S256,"B=2,S=256,D=512,H=8,FFN=2048,L=6",01011,PASS,0,524288,2.0083,2.0185,0.995
batch×sequence,B2 S256,"B=2,S=256,D=512,H=8,FFN=2048,L=6",01100,PASS,0,524288,2.0036,2.4928,0.804
batch×sequence,B2 S256,"B=2,S=256,D=512,H=8,FFN=2048,L=6",01101,PASS,0,524288,2.0036,2.5142,0.797
batch×sequence,B2 S256,"B=2,S=256,D=512,H=8,FFN=2048,L=6",01110,PASS,0,524288,2.0065,2.6137,0.768
batch×sequence,B2 S256,"B=2,S=256,D=512,H=8,FFN=2048,L=6",01111,PASS,0,524288,2.0041,2.6612,0.753
batch×sequence,B2 S256,"B=2,S=256,D=512,H=8,FFN=2048,L=6",10000,PASS,0,524288,2.0097,1.9305,1.041
batch×sequence,B2 S256,"B=2,S=256,D=512,H=8,FFN=2048,L=6",10001,PASS,0,524288,2.0040,1.9303,1.038
batch×sequence,B2 S256,"B=2,S=256,D=512,H=8,FFN=2048,L=6",10010,PASS,0,524288,2.0054,1.9505,1.028
batch×sequence,B2 S256,"B=2,S=256,D=512,H=8,FFN=2048,L=6",10011,PASS,0,524288,2.0047,1.9772,1.014
batch×sequence,B2 S256,"B=2,S=256,D=512,H=8,FFN=2048,L=6",10100,PASS,0,524288,2.0015,2.6269,0.762
batch×sequence,B2 S256,"B=2,S=256,D=512,H=8,FFN=2048,L=6",10101,PASS,0,524288,2.0005,2.6580,0.753
batch×sequence,B2 S256,"B=2,S=256,D=512,H=8,FFN=2048,L=6",10110,PASS,0,524288,2.0029,2.7020,0.741
batch×sequence,B2 S256,"B=2,S=256,D=512,H=8,FFN=2048,L=6",10111,PASS,0,524288,1.9787,2.6764,0.739
batch×sequence,B2 S256,"B=2,S=256,D=512,H=8,FFN=2048,L=6",11000,PASS,0,524288,2.0097,1.7616,1.141
batch×sequence,B2 S256,"B=2,S=256,D=512,H=8,FFN=2048,L=6",11001,PASS,0,524288,2.0124,1.7838,1.128
batch×sequence,B2 S256,"B=2,S=256,D=512,H=8,FFN=2048,L=6",11010,PASS,0,524288,2.0141,1.8151,1.110
batch×sequence,B2 S256,"B=2,S=256,D=512,H=8,FFN=2048,L=6",11011,PASS,0,524288,2.0064,1.8174,1.104
batch×sequence,B2 S256,"B=2,S=256,D=512,H=8,FFN=2048,L=6",11100,PASS,0,524288,2.0025,2.2915,0.874
batch×sequence,B2 S256,"B=2,S=256,D=512,H=8,FFN=2048,L=6",11101,PASS,0,524288,1.9968,2.3435,0.852
batch×sequence,B2 S256,"B=2,S=256,D=512,H=8,FFN=2048,L=6",11110,PASS,0,524288,2.0073,2.3771,0.844
batch×sequence,B2 S256,"B=2,S=256,D=512,H=8,FFN=2048,L=6",11111,PASS,0,524288,2.0083,2.2980,0.874
batch×sequence,B4 S32,"B=4,S=32,D=512,H=8,FFN=2048,L=6",00000,PASS,0,131072,1.2702,1.2656,1.004
batch×sequence,B4 S32,"B=4,S=32,D=512,H=8,FFN=2048,L=6",00001,PASS,0,131072,1.2419,1.3210,0.940
batch×sequence,B4 S32,"B=4,S=32,D=512,H=8,FFN=2048,L=6",00010,PASS,0,131072,1.2772,1.3993,0.913
batch×sequence,B4 S32,"B=4,S=32,D=512,H=8,FFN=2048,L=6",00011,PASS,0,131072,1.2715,1.4279,0.890
batch×sequence,B4 S32,"B=4,S=32,D=512,H=8,FFN=2048,L=6",00100,PASS,0,131072,1.2811,2.8252,0.453
batch×sequence,B4 S32,"B=4,S=32,D=512,H=8,FFN=2048,L=6",00101,PASS,0,131072,1.2833,1.3989,0.917
batch×sequence,B4 S32,"B=4,S=32,D=512,H=8,FFN=2048,L=6",00110,PASS,0,131072,1.3363,2.9172,0.458
batch×sequence,B4 S32,"B=4,S=32,D=512,H=8,FFN=2048,L=6",00111,PASS,0,131072,1.2874,1.4580,0.883
batch×sequence,B4 S32,"B=4,S=32,D=512,H=8,FFN=2048,L=6",01000,PASS,0,131072,1.2786,1.2148,1.053
batch×sequence,B4 S32,"B=4,S=32,D=512,H=8,FFN=2048,L=6",01001,PASS,0,131072,1.2733,1.1536,1.104
batch×sequence,B4 S32,"B=4,S=32,D=512,H=8,FFN=2048,L=6",01010,PASS,0,131072,1.2767,1.2366,1.032
batch×sequence,B4 S32,"B=4,S=32,D=512,H=8,FFN=2048,L=6",01011,PASS,0,131072,1.2785,1.2372,1.033
batch×sequence,B4 S32,"B=4,S=32,D=512,H=8,FFN=2048,L=6",01100,PASS,0,131072,1.2808,2.5100,0.510
batch×sequence,B4 S32,"B=4,S=32,D=512,H=8,FFN=2048,L=6",01101,PASS,0,131072,1.2786,1.2166,1.051
batch×sequence,B4 S32,"B=4,S=32,D=512,H=8,FFN=2048,L=6",01110,PASS,0,131072,1.2792,2.5709,0.498
batch×sequence,B4 S32,"B=4,S=32,D=512,H=8,FFN=2048,L=6",01111,PASS,0,131072,1.2761,1.2342,1.034
batch×sequence,B4 S32,"B=4,S=32,D=512,H=8,FFN=2048,L=6",10000,PASS,0,131072,1.2792,1.2518,1.022
batch×sequence,B4 S32,"B=4,S=32,D=512,H=8,FFN=2048,L=6",10001,PASS,0,131072,1.2801,1.2571,1.018
batch×sequence,B4 S32,"B=4,S=32,D=512,H=8,FFN=2048,L=6",10010,PASS,0,131072,1.2780,1.2779,1.000
batch×sequence,B4 S32,"B=4,S=32,D=512,H=8,FFN=2048,L=6",10011,PASS,0,131072,1.2785,1.2768,1.001
batch×sequence,B4 S32,"B=4,S=32,D=512,H=8,FFN=2048,L=6",10100,PASS,0,131072,1.2792,2.6535,0.482
batch×sequence,B4 S32,"B=4,S=32,D=512,H=8,FFN=2048,L=6",10101,PASS,0,131072,1.2791,1.2534,1.020
batch×sequence,B4 S32,"B=4,S=32,D=512,H=8,FFN=2048,L=6",10110,PASS,0,131072,1.2790,2.7097,0.472
batch×sequence,B4 S32,"B=4,S=32,D=512,H=8,FFN=2048,L=6",10111,PASS,0,131072,1.2805,1.2966,0.988
batch×sequence,B4 S32,"B=4,S=32,D=512,H=8,FFN=2048,L=6",11000,PASS,0,131072,1.2797,0.9832,1.302
batch×sequence,B4 S32,"B=4,S=32,D=512,H=8,FFN=2048,L=6",11001,PASS,0,131072,1.2801,0.9827,1.303
batch×sequence,B4 S32,"B=4,S=32,D=512,H=8,FFN=2048,L=6",11010,PASS,0,131072,1.2782,1.0073,1.269
batch×sequence,B4 S32,"B=4,S=32,D=512,H=8,FFN=2048,L=6",11011,PASS,0,131072,1.2802,1.0199,1.255
batch×sequence,B4 S32,"B=4,S=32,D=512,H=8,FFN=2048,L=6",11100,PASS,0,131072,1.2800,2.2766,0.562
batch×sequence,B4 S32,"B=4,S=32,D=512,H=8,FFN=2048,L=6",11101,PASS,0,131072,1.2791,0.9822,1.302
batch×sequence,B4 S32,"B=4,S=32,D=512,H=8,FFN=2048,L=6",11110,PASS,0,131072,1.2791,2.3828,0.537
batch×sequence,B4 S32,"B=4,S=32,D=512,H=8,FFN=2048,L=6",11111,PASS,0,131072,1.2793,1.0057,1.272
batch×sequence,B4 S64,"B=4,S=64,D=512,H=8,FFN=2048,L=6",00000,PASS,0,262144,1.2814,1.2807,1.001
batch×sequence,B4 S64,"B=4,S=64,D=512,H=8,FFN=2048,L=6",00001,PASS,0,262144,1.2813,1.3204,0.970
batch×sequence,B4 S64,"B=4,S=64,D=512,H=8,FFN=2048,L=6",00010,PASS,0,262144,1.2817,1.3420,0.955
batch×sequence,B4 S64,"B=4,S=64,D=512,H=8,FFN=2048,L=6",00011,PASS,0,262144,1.2811,1.3400,0.956
batch×sequence,B4 S64,"B=4,S=64,D=512,H=8,FFN=2048,L=6",00100,PASS,0,262144,1.2818,2.7086,0.473
batch×sequence,B4 S64,"B=4,S=64,D=512,H=8,FFN=2048,L=6",00101,PASS,0,262144,1.2812,2.6849,0.477
batch×sequence,B4 S64,"B=4,S=64,D=512,H=8,FFN=2048,L=6",00110,PASS,0,262144,1.2803,2.7701,0.462
batch×sequence,B4 S64,"B=4,S=64,D=512,H=8,FFN=2048,L=6",00111,PASS,0,262144,1.2806,2.8209,0.454
batch×sequence,B4 S64,"B=4,S=64,D=512,H=8,FFN=2048,L=6",01000,PASS,0,262144,1.2818,1.2684,1.011
batch×sequence,B4 S64,"B=4,S=64,D=512,H=8,FFN=2048,L=6",01001,PASS,0,262144,1.2815,1.2675,1.011
batch×sequence,B4 S64,"B=4,S=64,D=512,H=8,FFN=2048,L=6",01010,PASS,0,262144,1.2817,1.2891,0.994
batch×sequence,B4 S64,"B=4,S=64,D=512,H=8,FFN=2048,L=6",01011,PASS,0,262144,1.2825,1.2901,0.994
batch×sequence,B4 S64,"B=4,S=64,D=512,H=8,FFN=2048,L=6",01100,PASS,0,262144,1.2837,2.6357,0.487
batch×sequence,B4 S64,"B=4,S=64,D=512,H=8,FFN=2048,L=6",01101,PASS,0,262144,1.2831,2.6050,0.493
batch×sequence,B4 S64,"B=4,S=64,D=512,H=8,FFN=2048,L=6",01110,PASS,0,262144,1.2819,2.5191,0.509
batch×sequence,B4 S64,"B=4,S=64,D=512,H=8,FFN=2048,L=6",01111,PASS,0,262144,1.2820,2.5589,0.501
batch×sequence,B4 S64,"B=4,S=64,D=512,H=8,FFN=2048,L=6",10000,PASS,0,262144,1.2817,1.1864,1.080
batch×sequence,B4 S64,"B=4,S=64,D=512,H=8,FFN=2048,L=6",10001,PASS,0,262144,1.2808,1.1814,1.084
batch×sequence,B4 S64,"B=4,S=64,D=512,H=8,FFN=2048,L=6",10010,PASS,0,262144,1.2810,1.2048,1.063
batch×sequence,B4 S64,"B=4,S=64,D=512,H=8,FFN=2048,L=6",10011,PASS,0,262144,1.2812,1.2060,1.062
batch×sequence,B4 S64,"B=4,S=64,D=512,H=8,FFN=2048,L=6",10100,PASS,0,262144,1.2812,2.6230,0.488
batch×sequence,B4 S64,"B=4,S=64,D=512,H=8,FFN=2048,L=6",10101,PASS,0,262144,1.2808,2.6189,0.489
batch×sequence,B4 S64,"B=4,S=64,D=512,H=8,FFN=2048,L=6",10110,PASS,0,262144,1.2848,2.7598,0.466
batch×sequence,B4 S64,"B=4,S=64,D=512,H=8,FFN=2048,L=6",10111,PASS,0,262144,1.2807,2.7647,0.463
batch×sequence,B4 S64,"B=4,S=64,D=512,H=8,FFN=2048,L=6",11000,PASS,0,262144,1.2816,1.0730,1.194
batch×sequence,B4 S64,"B=4,S=64,D=512,H=8,FFN=2048,L=6",11001,PASS,0,262144,1.2813,1.0724,1.195
batch×sequence,B4 S64,"B=4,S=64,D=512,H=8,FFN=2048,L=6",11010,PASS,0,262144,1.2827,1.0967,1.170
batch×sequence,B4 S64,"B=4,S=64,D=512,H=8,FFN=2048,L=6",11011,PASS,0,262144,1.2817,1.0433,1.228
batch×sequence,B4 S64,"B=4,S=64,D=512,H=8,FFN=2048,L=6",11100,PASS,0,262144,1.2826,2.2368,0.573
batch×sequence,B4 S64,"B=4,S=64,D=512,H=8,FFN=2048,L=6",11101,PASS,0,262144,1.2817,2.1820,0.587
batch×sequence,B4 S64,"B=4,S=64,D=512,H=8,FFN=2048,L=6",11110,PASS,0,262144,1.2810,2.3388,0.548
batch×sequence,B4 S64,"B=4,S=64,D=512,H=8,FFN=2048,L=6",11111,PASS,0,262144,1.2808,2.3685,0.541
batch×sequence,B4 S128,"B=4,S=128,D=512,H=8,FFN=2048,L=6",00000,PASS,0,524288,1.9221,1.9279,0.997
batch×sequence,B4 S128,"B=4,S=128,D=512,H=8,FFN=2048,L=6",00001,PASS,0,524288,1.9220,1.9760,0.973
batch×sequence,B4 S128,"B=4,S=128,D=512,H=8,FFN=2048,L=6",00010,PASS,0,524288,1.9265,2.0056,0.961
batch×sequence,B4 S128,"B=4,S=128,D=512,H=8,FFN=2048,L=6",00011,PASS,0,524288,1.9302,2.0056,0.962
batch×sequence,B4 S128,"B=4,S=128,D=512,H=8,FFN=2048,L=6",00100,PASS,0,524288,1.9282,2.7813,0.693
batch×sequence,B4 S128,"B=4,S=128,D=512,H=8,FFN=2048,L=6",00101,PASS,0,524288,1.9227,2.5679,0.749
batch×sequence,B4 S128,"B=4,S=128,D=512,H=8,FFN=2048,L=6",00110,PASS,0,524288,1.9254,2.8428,0.677
batch×sequence,B4 S128,"B=4,S=128,D=512,H=8,FFN=2048,L=6",00111,PASS,0,524288,1.9222,2.8024,0.686
batch×sequence,B4 S128,"B=4,S=128,D=512,H=8,FFN=2048,L=6",01000,PASS,0,524288,1.9259,1.8644,1.033
batch×sequence,B4 S128,"B=4,S=128,D=512,H=8,FFN=2048,L=6",01001,PASS,0,524288,1.9279,1.8670,1.033
batch×sequence,B4 S128,"B=4,S=128,D=512,H=8,FFN=2048,L=6",01010,PASS,0,524288,1.9312,1.9224,1.005
batch×sequence,B4 S128,"B=4,S=128,D=512,H=8,FFN=2048,L=6",01011,PASS,0,524288,1.9337,1.9247,1.005
batch×sequence,B4 S128,"B=4,S=128,D=512,H=8,FFN=2048,L=6",01100,PASS,0,524288,1.9264,2.5106,0.767
batch×sequence,B4 S128,"B=4,S=128,D=512,H=8,FFN=2048,L=6",01101,PASS,0,524288,1.9325,2.5049,0.772
batch×sequence,B4 S128,"B=4,S=128,D=512,H=8,FFN=2048,L=6",01110,PASS,0,524288,1.9245,2.5501,0.755
batch×sequence,B4 S128,"B=4,S=128,D=512,H=8,FFN=2048,L=6",01111,PASS,0,524288,1.9266,2.5674,0.750
batch×sequence,B4 S128,"B=4,S=128,D=512,H=8,FFN=2048,L=6",10000,PASS,0,524288,1.9301,1.8872,1.023
batch×sequence,B4 S128,"B=4,S=128,D=512,H=8,FFN=2048,L=6",10001,PASS,0,524288,1.9278,1.8868,1.022
batch×sequence,B4 S128,"B=4,S=128,D=512,H=8,FFN=2048,L=6",10010,PASS,0,524288,1.9319,1.8612,1.038
batch×sequence,B4 S128,"B=4,S=128,D=512,H=8,FFN=2048,L=6",10011,PASS,0,524288,1.9240,1.8598,1.035
batch×sequence,B4 S128,"B=4,S=128,D=512,H=8,FFN=2048,L=6",10100,PASS,0,524288,1.9244,2.6463,0.727
batch×sequence,B4 S128,"B=4,S=128,D=512,H=8,FFN=2048,L=6",10101,PASS,0,524288,1.9295,2.6801,0.720
batch×sequence,B4 S128,"B=4,S=128,D=512,H=8,FFN=2048,L=6",10110,PASS,0,524288,1.9309,2.7504,0.702
batch×sequence,B4 S128,"B=4,S=128,D=512,H=8,FFN=2048,L=6",10111,PASS,0,524288,1.9220,2.7413,0.701
batch×sequence,B4 S128,"B=4,S=128,D=512,H=8,FFN=2048,L=6",11000,PASS,0,524288,1.9308,1.6616,1.162
batch×sequence,B4 S128,"B=4,S=128,D=512,H=8,FFN=2048,L=6",11001,PASS,0,524288,1.9291,1.6617,1.161
batch×sequence,B4 S128,"B=4,S=128,D=512,H=8,FFN=2048,L=6",11010,PASS,0,524288,1.9280,1.7151,1.124
batch×sequence,B4 S128,"B=4,S=128,D=512,H=8,FFN=2048,L=6",11011,PASS,0,524288,1.9285,1.7161,1.124
batch×sequence,B4 S128,"B=4,S=128,D=512,H=8,FFN=2048,L=6",11100,PASS,0,524288,1.9191,2.2657,0.847
batch×sequence,B4 S128,"B=4,S=128,D=512,H=8,FFN=2048,L=6",11101,PASS,0,524288,1.9288,2.2316,0.864
batch×sequence,B4 S128,"B=4,S=128,D=512,H=8,FFN=2048,L=6",11110,PASS,0,524288,1.9351,2.3530,0.822
batch×sequence,B4 S128,"B=4,S=128,D=512,H=8,FFN=2048,L=6",11111,PASS,0,524288,1.9328,2.3837,0.811
batch×sequence,B4 S256,"B=4,S=256,D=512,H=8,FFN=2048,L=6",00000,PASS,0,1048576,3.0501,3.0544,0.999
batch×sequence,B4 S256,"B=4,S=256,D=512,H=8,FFN=2048,L=6",00001,PASS,0,1048576,3.0460,3.1023,0.982
batch×sequence,B4 S256,"B=4,S=256,D=512,H=8,FFN=2048,L=6",00010,PASS,0,1048576,3.0467,3.1515,0.967
batch×sequence,B4 S256,"B=4,S=256,D=512,H=8,FFN=2048,L=6",00011,PASS,0,1048576,3.0490,3.1534,0.967
batch×sequence,B4 S256,"B=4,S=256,D=512,H=8,FFN=2048,L=6",00100,PASS,0,1048576,3.0519,2.9265,1.043
batch×sequence,B4 S256,"B=4,S=256,D=512,H=8,FFN=2048,L=6",00101,PASS,0,1048576,3.0531,2.9275,1.043
batch×sequence,B4 S256,"B=4,S=256,D=512,H=8,FFN=2048,L=6",00110,PASS,0,1048576,3.0847,2.9225,1.055
batch×sequence,B4 S256,"B=4,S=256,D=512,H=8,FFN=2048,L=6",00111,PASS,0,1048576,3.0477,2.9232,1.043
batch×sequence,B4 S256,"B=4,S=256,D=512,H=8,FFN=2048,L=6",01000,PASS,0,1048576,3.0470,2.9709,1.026
batch×sequence,B4 S256,"B=4,S=256,D=512,H=8,FFN=2048,L=6",01001,PASS,0,1048576,3.0479,2.9710,1.026
batch×sequence,B4 S256,"B=4,S=256,D=512,H=8,FFN=2048,L=6",01010,PASS,0,1048576,3.0485,3.0210,1.009
batch×sequence,B4 S256,"B=4,S=256,D=512,H=8,FFN=2048,L=6",01011,PASS,0,1048576,3.0466,3.0200,1.009
batch×sequence,B4 S256,"B=4,S=256,D=512,H=8,FFN=2048,L=6",01100,PASS,0,1048576,3.0497,2.7948,1.091
batch×sequence,B4 S256,"B=4,S=256,D=512,H=8,FFN=2048,L=6",01101,PASS,0,1048576,3.0557,2.7941,1.094
batch×sequence,B4 S256,"B=4,S=256,D=512,H=8,FFN=2048,L=6",01110,PASS,0,1048576,3.0460,2.7915,1.091
batch×sequence,B4 S256,"B=4,S=256,D=512,H=8,FFN=2048,L=6",01111,PASS,0,1048576,3.0643,2.7990,1.095
batch×sequence,B4 S256,"B=4,S=256,D=512,H=8,FFN=2048,L=6",10000,PASS,0,1048576,3.0450,3.0453,1.000
batch×sequence,B4 S256,"B=4,S=256,D=512,H=8,FFN=2048,L=6",10001,PASS,0,1048576,3.0437,3.0467,0.999
batch×sequence,B4 S256,"B=4,S=256,D=512,H=8,FFN=2048,L=6",10010,PASS,0,1048576,3.0487,3.1006,0.983
batch×sequence,B4 S256,"B=4,S=256,D=512,H=8,FFN=2048,L=6",10011,PASS,0,1048576,3.0509,3.0971,0.985
batch×sequence,B4 S256,"B=4,S=256,D=512,H=8,FFN=2048,L=6",10100,PASS,0,1048576,3.0477,2.8596,1.066
batch×sequence,B4 S256,"B=4,S=256,D=512,H=8,FFN=2048,L=6",10101,PASS,0,1048576,3.0457,2.8525,1.068
batch×sequence,B4 S256,"B=4,S=256,D=512,H=8,FFN=2048,L=6",10110,PASS,0,1048576,3.0555,2.8615,1.068
batch×sequence,B4 S256,"B=4,S=256,D=512,H=8,FFN=2048,L=6",10111,PASS,0,1048576,3.0464,2.8598,1.065
batch×sequence,B4 S256,"B=4,S=256,D=512,H=8,FFN=2048,L=6",11000,PASS,0,1048576,3.0620,2.7801,1.101
batch×sequence,B4 S256,"B=4,S=256,D=512,H=8,FFN=2048,L=6",11001,PASS,0,1048576,3.0466,2.7703,1.100
batch×sequence,B4 S256,"B=4,S=256,D=512,H=8,FFN=2048,L=6",11010,PASS,0,1048576,3.0481,2.8191,1.081
batch×sequence,B4 S256,"B=4,S=256,D=512,H=8,FFN=2048,L=6",11011,PASS,0,1048576,3.0457,2.8156,1.082
batch×sequence,B4 S256,"B=4,S=256,D=512,H=8,FFN=2048,L=6",11100,PASS,0,1048576,3.0668,2.6036,1.178
batch×sequence,B4 S256,"B=4,S=256,D=512,H=8,FFN=2048,L=6",11101,PASS,0,1048576,3.0558,2.5985,1.176
batch×sequence,B4 S256,"B=4,S=256,D=512,H=8,FFN=2048,L=6",11110,PASS,0,1048576,3.0541,2.5913,1.179
batch×sequence,B4 S256,"B=4,S=256,D=512,H=8,FFN=2048,L=6",11111,PASS,0,1048576,3.0488,2.5945,1.175
batch×sequence,B8 S32,"B=8,S=32,D=512,H=8,FFN=2048,L=6",00000,PASS,0,262144,1.2621,1.2622,1.000
batch×sequence,B8 S32,"B=8,S=32,D=512,H=8,FFN=2048,L=6",00001,PASS,0,262144,1.2594,1.2992,0.969
batch×sequence,B8 S32,"B=8,S=32,D=512,H=8,FFN=2048,L=6",00010,PASS,0,262144,1.2610,1.3584,0.928
batch×sequence,B8 S32,"B=8,S=32,D=512,H=8,FFN=2048,L=6",00011,PASS,0,262144,1.2587,1.3206,0.953
batch×sequence,B8 S32,"B=8,S=32,D=512,H=8,FFN=2048,L=6",00100,PASS,0,262144,1.2592,2.7405,0.459
batch×sequence,B8 S32,"B=8,S=32,D=512,H=8,FFN=2048,L=6",00101,PASS,0,262144,1.2580,2.7045,0.465
batch×sequence,B8 S32,"B=8,S=32,D=512,H=8,FFN=2048,L=6",00110,PASS,0,262144,1.2580,2.8272,0.445
batch×sequence,B8 S32,"B=8,S=32,D=512,H=8,FFN=2048,L=6",00111,PASS,0,262144,1.2576,2.8125,0.447
batch×sequence,B8 S32,"B=8,S=32,D=512,H=8,FFN=2048,L=6",01000,PASS,0,262144,1.2567,1.2653,0.993
batch×sequence,B8 S32,"B=8,S=32,D=512,H=8,FFN=2048,L=6",01001,PASS,0,262144,1.2572,1.2662,0.993
batch×sequence,B8 S32,"B=8,S=32,D=512,H=8,FFN=2048,L=6",01010,PASS,0,262144,1.2583,1.2869,0.978
batch×sequence,B8 S32,"B=8,S=32,D=512,H=8,FFN=2048,L=6",01011,PASS,0,262144,1.2572,1.2868,0.977
batch×sequence,B8 S32,"B=8,S=32,D=512,H=8,FFN=2048,L=6",01100,PASS,0,262144,1.2581,2.5133,0.501
batch×sequence,B8 S32,"B=8,S=32,D=512,H=8,FFN=2048,L=6",01101,PASS,0,262144,1.2587,2.5817,0.488
batch×sequence,B8 S32,"B=8,S=32,D=512,H=8,FFN=2048,L=6",01110,PASS,0,262144,1.2595,2.6350,0.478
batch×sequence,B8 S32,"B=8,S=32,D=512,H=8,FFN=2048,L=6",01111,PASS,0,262144,1.2594,2.6274,0.479
batch×sequence,B8 S32,"B=8,S=32,D=512,H=8,FFN=2048,L=6",10000,PASS,0,262144,1.2574,1.1695,1.075
batch×sequence,B8 S32,"B=8,S=32,D=512,H=8,FFN=2048,L=6",10001,PASS,0,262144,1.2573,1.1678,1.077
batch×sequence,B8 S32,"B=8,S=32,D=512,H=8,FFN=2048,L=6",10010,PASS,0,262144,1.2974,1.2424,1.044
batch×sequence,B8 S32,"B=8,S=32,D=512,H=8,FFN=2048,L=6",10011,PASS,0,262144,1.2594,1.2424,1.014
batch×sequence,B8 S32,"B=8,S=32,D=512,H=8,FFN=2048,L=6",10100,PASS,0,262144,1.2604,2.6562,0.474
batch×sequence,B8 S32,"B=8,S=32,D=512,H=8,FFN=2048,L=6",10101,PASS,0,262144,1.2574,2.6066,0.482
batch×sequence,B8 S32,"B=8,S=32,D=512,H=8,FFN=2048,L=6",10110,PASS,0,262144,1.2580,2.7087,0.464
batch×sequence,B8 S32,"B=8,S=32,D=512,H=8,FFN=2048,L=6",10111,PASS,0,262144,1.2963,2.7441,0.472
batch×sequence,B8 S32,"B=8,S=32,D=512,H=8,FFN=2048,L=6",11000,PASS,0,262144,1.2943,1.0768,1.202
batch×sequence,B8 S32,"B=8,S=32,D=512,H=8,FFN=2048,L=6",11001,PASS,0,262144,1.2585,1.0281,1.224
batch×sequence,B8 S32,"B=8,S=32,D=512,H=8,FFN=2048,L=6",11010,PASS,0,262144,1.2582,1.0987,1.145
batch×sequence,B8 S32,"B=8,S=32,D=512,H=8,FFN=2048,L=6",11011,PASS,0,262144,1.2580,1.0958,1.148
batch×sequence,B8 S32,"B=8,S=32,D=512,H=8,FFN=2048,L=6",11100,PASS,0,262144,1.2577,2.2756,0.553
batch×sequence,B8 S32,"B=8,S=32,D=512,H=8,FFN=2048,L=6",11101,PASS,0,262144,1.2581,2.2662,0.555
batch×sequence,B8 S32,"B=8,S=32,D=512,H=8,FFN=2048,L=6",11110,PASS,0,262144,1.2587,2.3342,0.539
batch×sequence,B8 S32,"B=8,S=32,D=512,H=8,FFN=2048,L=6",11111,PASS,0,262144,1.2580,2.3136,0.544
batch×sequence,B8 S128,"B=8,S=128,D=512,H=8,FFN=2048,L=6",00000,PASS,0,1048576,2.8627,2.8617,1.000
batch×sequence,B8 S128,"B=8,S=128,D=512,H=8,FFN=2048,L=6",00001,PASS,0,1048576,2.8658,2.9232,0.980
batch×sequence,B8 S128,"B=8,S=128,D=512,H=8,FFN=2048,L=6",00010,PASS,0,1048576,2.8648,2.9743,0.963
batch×sequence,B8 S128,"B=8,S=128,D=512,H=8,FFN=2048,L=6",00011,PASS,0,1048576,2.8655,2.9764,0.963
batch×sequence,B8 S128,"B=8,S=128,D=512,H=8,FFN=2048,L=6",00100,PASS,0,1048576,2.8658,2.7521,1.041
batch×sequence,B8 S128,"B=8,S=128,D=512,H=8,FFN=2048,L=6",00101,PASS,0,1048576,2.8646,2.7500,1.042
batch×sequence,B8 S128,"B=8,S=128,D=512,H=8,FFN=2048,L=6",00110,PASS,0,1048576,2.8648,2.7510,1.041
batch×sequence,B8 S128,"B=8,S=128,D=512,H=8,FFN=2048,L=6",00111,PASS,0,1048576,2.8655,2.7508,1.042
batch×sequence,B8 S128,"B=8,S=128,D=512,H=8,FFN=2048,L=6",01000,PASS,0,1048576,2.8665,2.8155,1.018
batch×sequence,B8 S128,"B=8,S=128,D=512,H=8,FFN=2048,L=6",01001,PASS,0,1048576,2.8666,2.8183,1.017
batch×sequence,B8 S128,"B=8,S=128,D=512,H=8,FFN=2048,L=6",01010,PASS,0,1048576,2.8671,2.8647,1.001
batch×sequence,B8 S128,"B=8,S=128,D=512,H=8,FFN=2048,L=6",01011,PASS,0,1048576,2.8668,2.8634,1.001
batch×sequence,B8 S128,"B=8,S=128,D=512,H=8,FFN=2048,L=6",01100,PASS,0,1048576,2.8645,2.6332,1.088
batch×sequence,B8 S128,"B=8,S=128,D=512,H=8,FFN=2048,L=6",01101,PASS,0,1048576,2.8687,2.6398,1.087
batch×sequence,B8 S128,"B=8,S=128,D=512,H=8,FFN=2048,L=6",01110,PASS,0,1048576,2.8706,2.6395,1.088
batch×sequence,B8 S128,"B=8,S=128,D=512,H=8,FFN=2048,L=6",01111,PASS,0,1048576,2.8648,2.6330,1.088
batch×sequence,B8 S128,"B=8,S=128,D=512,H=8,FFN=2048,L=6",10000,PASS,0,1048576,2.8660,2.8625,1.001
batch×sequence,B8 S128,"B=8,S=128,D=512,H=8,FFN=2048,L=6",10001,PASS,0,1048576,2.8675,2.8600,1.003
batch×sequence,B8 S128,"B=8,S=128,D=512,H=8,FFN=2048,L=6",10010,PASS,0,1048576,2.8664,2.9054,0.987
batch×sequence,B8 S128,"B=8,S=128,D=512,H=8,FFN=2048,L=6",10011,PASS,0,1048576,2.8647,2.9064,0.986
batch×sequence,B8 S128,"B=8,S=128,D=512,H=8,FFN=2048,L=6",10100,PASS,0,1048576,2.8675,2.6835,1.069
batch×sequence,B8 S128,"B=8,S=128,D=512,H=8,FFN=2048,L=6",10101,PASS,0,1048576,2.8707,2.6880,1.068
batch×sequence,B8 S128,"B=8,S=128,D=512,H=8,FFN=2048,L=6",10110,PASS,0,1048576,2.8768,2.6824,1.072
batch×sequence,B8 S128,"B=8,S=128,D=512,H=8,FFN=2048,L=6",10111,PASS,0,1048576,2.8728,2.6908,1.068
batch×sequence,B8 S128,"B=8,S=128,D=512,H=8,FFN=2048,L=6",11000,PASS,0,1048576,2.8658,2.6216,1.093
batch×sequence,B8 S128,"B=8,S=128,D=512,H=8,FFN=2048,L=6",11001,PASS,0,1048576,2.8671,2.6200,1.094
batch×sequence,B8 S128,"B=8,S=128,D=512,H=8,FFN=2048,L=6",11010,PASS,0,1048576,2.8635,2.6647,1.075
batch×sequence,B8 S128,"B=8,S=128,D=512,H=8,FFN=2048,L=6",11011,PASS,0,1048576,2.8638,2.6649,1.075
batch×sequence,B8 S128,"B=8,S=128,D=512,H=8,FFN=2048,L=6",11100,PASS,0,1048576,2.8638,2.4428,1.172
batch×sequence,B8 S128,"B=8,S=128,D=512,H=8,FFN=2048,L=6",11101,PASS,0,1048576,2.8654,2.4401,1.174
batch×sequence,B8 S128,"B=8,S=128,D=512,H=8,FFN=2048,L=6",11110,PASS,0,1048576,2.8709,2.4548,1.169
batch×sequence,B8 S128,"B=8,S=128,D=512,H=8,FFN=2048,L=6",11111,PASS,0,1048576,2.8731,2.4500,1.173
batch×sequence,B1 S512,"B=1,S=512,D=512,H=8,FFN=2048,L=6",00000,PASS,0,524288,2.1869,2.1892,0.999
batch×sequence,B1 S512,"B=1,S=512,D=512,H=8,FFN=2048,L=6",00001,PASS,0,524288,2.1872,2.2388,0.977
batch×sequence,B1 S512,"B=1,S=512,D=512,H=8,FFN=2048,L=6",00010,PASS,0,524288,2.1895,2.2562,0.970
batch×sequence,B1 S512,"B=1,S=512,D=512,H=8,FFN=2048,L=6",00011,PASS,0,524288,2.1863,2.2494,0.972
batch×sequence,B1 S512,"B=1,S=512,D=512,H=8,FFN=2048,L=6",00100,PASS,0,524288,2.1826,2.6936,0.810
batch×sequence,B1 S512,"B=1,S=512,D=512,H=8,FFN=2048,L=6",00101,PASS,0,524288,2.1815,2.5921,0.842
batch×sequence,B1 S512,"B=1,S=512,D=512,H=8,FFN=2048,L=6",00110,PASS,0,524288,2.1805,2.7794,0.785
batch×sequence,B1 S512,"B=1,S=512,D=512,H=8,FFN=2048,L=6",00111,PASS,0,524288,2.1856,2.8447,0.768
batch×sequence,B1 S512,"B=1,S=512,D=512,H=8,FFN=2048,L=6",01000,PASS,0,524288,2.1855,2.1773,1.004
batch×sequence,B1 S512,"B=1,S=512,D=512,H=8,FFN=2048,L=6",01001,PASS,0,524288,2.1889,2.1766,1.006
batch×sequence,B1 S512,"B=1,S=512,D=512,H=8,FFN=2048,L=6",01010,PASS,0,524288,2.1878,2.1590,1.013
batch×sequence,B1 S512,"B=1,S=512,D=512,H=8,FFN=2048,L=6",01011,PASS,0,524288,2.1891,2.1588,1.014
batch×sequence,B1 S512,"B=1,S=512,D=512,H=8,FFN=2048,L=6",01100,PASS,0,524288,2.1797,2.4280,0.898
batch×sequence,B1 S512,"B=1,S=512,D=512,H=8,FFN=2048,L=6",01101,PASS,0,524288,2.1864,2.3901,0.915
batch×sequence,B1 S512,"B=1,S=512,D=512,H=8,FFN=2048,L=6",01110,PASS,0,524288,2.1875,2.3953,0.913
batch×sequence,B1 S512,"B=1,S=512,D=512,H=8,FFN=2048,L=6",01111,PASS,0,524288,2.1835,2.5537,0.855
batch×sequence,B1 S512,"B=1,S=512,D=512,H=8,FFN=2048,L=6",10000,PASS,0,524288,2.1848,2.0268,1.078
batch×sequence,B1 S512,"B=1,S=512,D=512,H=8,FFN=2048,L=6",10001,PASS,0,524288,2.1878,2.0287,1.078
batch×sequence,B1 S512,"B=1,S=512,D=512,H=8,FFN=2048,L=6",10010,PASS,0,524288,2.1910,2.0483,1.070
batch×sequence,B1 S512,"B=1,S=512,D=512,H=8,FFN=2048,L=6",10011,PASS,0,524288,2.1849,2.0524,1.065
batch×sequence,B1 S512,"B=1,S=512,D=512,H=8,FFN=2048,L=6",10100,PASS,0,524288,2.1889,2.4970,0.877
batch×sequence,B1 S512,"B=1,S=512,D=512,H=8,FFN=2048,L=6",10101,PASS,0,524288,2.1811,2.4624,0.886
batch×sequence,B1 S512,"B=1,S=512,D=512,H=8,FFN=2048,L=6",10110,PASS,0,524288,2.1845,2.4886,0.878
batch×sequence,B1 S512,"B=1,S=512,D=512,H=8,FFN=2048,L=6",10111,PASS,0,524288,2.1829,2.6661,0.819
batch×sequence,B1 S512,"B=1,S=512,D=512,H=8,FFN=2048,L=6",11000,PASS,0,524288,2.1889,1.9585,1.118
batch×sequence,B1 S512,"B=1,S=512,D=512,H=8,FFN=2048,L=6",11001,PASS,0,524288,2.1888,1.9577,1.118
batch×sequence,B1 S512,"B=1,S=512,D=512,H=8,FFN=2048,L=6",11010,PASS,0,524288,2.1848,1.9886,1.099
batch×sequence,B1 S512,"B=1,S=512,D=512,H=8,FFN=2048,L=6",11011,PASS,0,524288,2.1869,1.9865,1.101
batch×sequence,B1 S512,"B=1,S=512,D=512,H=8,FFN=2048,L=6",11100,PASS,0,524288,2.1867,2.1639,1.011
batch×sequence,B1 S512,"B=1,S=512,D=512,H=8,FFN=2048,L=6",11101,PASS,0,524288,2.1832,2.2312,0.978
batch×sequence,B1 S512,"B=1,S=512,D=512,H=8,FFN=2048,L=6",11110,PASS,0,524288,2.1817,2.2703,0.961
batch×sequence,B1 S512,"B=1,S=512,D=512,H=8,FFN=2048,L=6",11111,PASS,0,524288,2.1856,2.3336,0.937
batch×sequence,B2 S512,"B=2,S=512,D=512,H=8,FFN=2048,L=6",00000,PASS,0,1048576,3.4461,3.4370,1.003
batch×sequence,B2 S512,"B=2,S=512,D=512,H=8,FFN=2048,L=6",00001,PASS,0,1048576,3.4502,3.5093,0.983
batch×sequence,B2 S512,"B=2,S=512,D=512,H=8,FFN=2048,L=6",00010,PASS,0,1048576,3.4524,3.5559,0.971
batch×sequence,B2 S512,"B=2,S=512,D=512,H=8,FFN=2048,L=6",00011,PASS,0,1048576,3.4443,3.5560,0.969
batch×sequence,B2 S512,"B=2,S=512,D=512,H=8,FFN=2048,L=6",00100,PASS,0,1048576,3.4489,3.3326,1.035
batch×sequence,B2 S512,"B=2,S=512,D=512,H=8,FFN=2048,L=6",00101,PASS,0,1048576,3.4481,3.3308,1.035
batch×sequence,B2 S512,"B=2,S=512,D=512,H=8,FFN=2048,L=6",00110,PASS,0,1048576,3.4491,3.3228,1.038
batch×sequence,B2 S512,"B=2,S=512,D=512,H=8,FFN=2048,L=6",00111,PASS,0,1048576,3.4504,3.3326,1.035
batch×sequence,B2 S512,"B=2,S=512,D=512,H=8,FFN=2048,L=6",01000,PASS,0,1048576,3.4541,3.2691,1.057
batch×sequence,B2 S512,"B=2,S=512,D=512,H=8,FFN=2048,L=6",01001,PASS,0,1048576,3.4474,3.2668,1.055
batch×sequence,B2 S512,"B=2,S=512,D=512,H=8,FFN=2048,L=6",01010,PASS,0,1048576,3.4476,3.3504,1.029
batch×sequence,B2 S512,"B=2,S=512,D=512,H=8,FFN=2048,L=6",01011,PASS,0,1048576,3.4492,3.3508,1.029
batch×sequence,B2 S512,"B=2,S=512,D=512,H=8,FFN=2048,L=6",01100,PASS,0,1048576,3.4512,3.1076,1.111
batch×sequence,B2 S512,"B=2,S=512,D=512,H=8,FFN=2048,L=6",01101,PASS,0,1048576,3.4529,3.1193,1.107
batch×sequence,B2 S512,"B=2,S=512,D=512,H=8,FFN=2048,L=6",01110,PASS,0,1048576,3.4532,3.1221,1.106
batch×sequence,B2 S512,"B=2,S=512,D=512,H=8,FFN=2048,L=6",01111,PASS,0,1048576,3.4493,3.0898,1.116
batch×sequence,B2 S512,"B=2,S=512,D=512,H=8,FFN=2048,L=6",10000,PASS,0,1048576,3.4473,3.4621,0.996
batch×sequence,B2 S512,"B=2,S=512,D=512,H=8,FFN=2048,L=6",10001,PASS,0,1048576,3.4468,3.4730,0.992
batch×sequence,B2 S512,"B=2,S=512,D=512,H=8,FFN=2048,L=6",10010,PASS,0,1048576,3.4497,3.5233,0.979
batch×sequence,B2 S512,"B=2,S=512,D=512,H=8,FFN=2048,L=6",10011,PASS,0,1048576,3.4547,3.5219,0.981
batch×sequence,B2 S512,"B=2,S=512,D=512,H=8,FFN=2048,L=6",10100,PASS,0,1048576,3.4488,3.3046,1.044
batch×sequence,B2 S512,"B=2,S=512,D=512,H=8,FFN=2048,L=6",10101,PASS,0,1048576,3.4523,3.2726,1.055
batch×sequence,B2 S512,"B=2,S=512,D=512,H=8,FFN=2048,L=6",10110,PASS,0,1048576,3.4486,3.3000,1.045
batch×sequence,B2 S512,"B=2,S=512,D=512,H=8,FFN=2048,L=6",10111,PASS,0,1048576,3.4473,3.2921,1.047
batch×sequence,B2 S512,"B=2,S=512,D=512,H=8,FFN=2048,L=6",11000,PASS,0,1048576,3.4514,3.0814,1.120
batch×sequence,B2 S512,"B=2,S=512,D=512,H=8,FFN=2048,L=6",11001,PASS,0,1048576,3.4482,3.1056,1.110
batch×sequence,B2 S512,"B=2,S=512,D=512,H=8,FFN=2048,L=6",11010,PASS,0,1048576,3.4492,3.1400,1.098
batch×sequence,B2 S512,"B=2,S=512,D=512,H=8,FFN=2048,L=6",11011,PASS,0,1048576,3.4483,3.1250,1.103
batch×sequence,B2 S512,"B=2,S=512,D=512,H=8,FFN=2048,L=6",11100,PASS,0,1048576,3.4483,2.8914,1.193
batch×sequence,B2 S512,"B=2,S=512,D=512,H=8,FFN=2048,L=6",11101,PASS,0,1048576,3.4495,2.8992,1.190
batch×sequence,B2 S512,"B=2,S=512,D=512,H=8,FFN=2048,L=6",11110,PASS,0,1048576,3.4467,2.8988,1.189
batch×sequence,B2 S512,"B=2,S=512,D=512,H=8,FFN=2048,L=6",11111,PASS,0,1048576,3.4539,2.8889,1.196
hidden×head,D128 H4,"B=8,S=128,D=128,H=4,FFN=512,L=6",00000,PASS,0,262144,1.2618,1.2612,1.000
hidden×head,D128 H4,"B=8,S=128,D=128,H=4,FFN=512,L=6",00001,PASS,0,262144,1.2624,1.3679,0.923
hidden×head,D128 H4,"B=8,S=128,D=128,H=4,FFN=512,L=6",00010,PASS,0,262144,1.2500,1.3924,0.898
hidden×head,D128 H4,"B=8,S=128,D=128,H=4,FFN=512,L=6",00011,PASS,0,262144,1.2218,1.3876,0.881
hidden×head,D128 H4,"B=8,S=128,D=128,H=4,FFN=512,L=6",00100,PASS,0,262144,1.2689,2.7245,0.466
hidden×head,D128 H4,"B=8,S=128,D=128,H=4,FFN=512,L=6",00101,PASS,0,262144,1.2580,2.6654,0.472
hidden×head,D128 H4,"B=8,S=128,D=128,H=4,FFN=512,L=6",00110,PASS,0,262144,1.2620,2.7779,0.454
hidden×head,D128 H4,"B=8,S=128,D=128,H=4,FFN=512,L=6",00111,PASS,0,262144,1.2766,2.8070,0.455
hidden×head,D128 H4,"B=8,S=128,D=128,H=4,FFN=512,L=6",01000,PASS,0,262144,1.2572,1.1735,1.071
hidden×head,D128 H4,"B=8,S=128,D=128,H=4,FFN=512,L=6",01001,PASS,0,262144,1.3101,1.2320,1.063
hidden×head,D128 H4,"B=8,S=128,D=128,H=4,FFN=512,L=6",01010,PASS,0,262144,1.2956,1.2553,1.032
hidden×head,D128 H4,"B=8,S=128,D=128,H=4,FFN=512,L=6",01011,PASS,0,262144,1.2676,1.2466,1.017
hidden×head,D128 H4,"B=8,S=128,D=128,H=4,FFN=512,L=6",01100,PASS,0,262144,1.3295,2.5320,0.525
hidden×head,D128 H4,"B=8,S=128,D=128,H=4,FFN=512,L=6",01101,PASS,0,262144,1.2966,2.5345,0.512
hidden×head,D128 H4,"B=8,S=128,D=128,H=4,FFN=512,L=6",01110,PASS,0,262144,1.2693,2.5408,0.500
hidden×head,D128 H4,"B=8,S=128,D=128,H=4,FFN=512,L=6",01111,PASS,0,262144,1.2693,2.5465,0.498
hidden×head,D128 H4,"B=8,S=128,D=128,H=4,FFN=512,L=6",10000,PASS,0,262144,1.2346,1.1998,1.029
hidden×head,D128 H4,"B=8,S=128,D=128,H=4,FFN=512,L=6",10001,PASS,0,262144,1.1774,1.1518,1.022
hidden×head,D128 H4,"B=8,S=128,D=128,H=4,FFN=512,L=6",10010,PASS,0,262144,1.2862,1.2793,1.005
hidden×head,D128 H4,"B=8,S=128,D=128,H=4,FFN=512,L=6",10011,PASS,0,262144,1.2998,1.2889,1.008
hidden×head,D128 H4,"B=8,S=128,D=128,H=4,FFN=512,L=6",10100,PASS,0,262144,1.2655,2.6008,0.487
hidden×head,D128 H4,"B=8,S=128,D=128,H=4,FFN=512,L=6",10101,PASS,0,262144,1.2682,2.5790,0.492
hidden×head,D128 H4,"B=8,S=128,D=128,H=4,FFN=512,L=6",10110,PASS,0,262144,1.2643,2.6588,0.475
hidden×head,D128 H4,"B=8,S=128,D=128,H=4,FFN=512,L=6",10111,PASS,0,262144,1.2677,2.7091,0.468
hidden×head,D128 H4,"B=8,S=128,D=128,H=4,FFN=512,L=6",11000,PASS,0,262144,1.2680,0.9598,1.321
hidden×head,D128 H4,"B=8,S=128,D=128,H=4,FFN=512,L=6",11001,PASS,0,262144,1.2661,0.9639,1.314
hidden×head,D128 H4,"B=8,S=128,D=128,H=4,FFN=512,L=6",11010,PASS,0,262144,1.2665,1.0176,1.245
hidden×head,D128 H4,"B=8,S=128,D=128,H=4,FFN=512,L=6",11011,PASS,0,262144,1.2646,0.9786,1.292
hidden×head,D128 H4,"B=8,S=128,D=128,H=4,FFN=512,L=6",11100,PASS,0,262144,1.2618,2.2423,0.563
hidden×head,D128 H4,"B=8,S=128,D=128,H=4,FFN=512,L=6",11101,PASS,0,262144,1.2639,2.2317,0.566
hidden×head,D128 H4,"B=8,S=128,D=128,H=4,FFN=512,L=6",11110,PASS,0,262144,1.2503,2.2886,0.546
hidden×head,D128 H4,"B=8,S=128,D=128,H=4,FFN=512,L=6",11111,PASS,0,262144,1.2630,2.2910,0.551
hidden×head,D256 H4,"B=8,S=128,D=256,H=4,FFN=1024,L=6",00000,PASS,0,524288,1.4575,1.4506,1.005
hidden×head,D256 H4,"B=8,S=128,D=256,H=4,FFN=1024,L=6",00001,PASS,0,524288,1.4645,1.4988,0.977
hidden×head,D256 H4,"B=8,S=128,D=256,H=4,FFN=1024,L=6",00010,PASS,0,524288,1.4651,1.5167,0.966
hidden×head,D256 H4,"B=8,S=128,D=256,H=4,FFN=1024,L=6",00011,PASS,0,524288,1.4638,1.5178,0.964
hidden×head,D256 H4,"B=8,S=128,D=256,H=4,FFN=1024,L=6",00100,PASS,0,524288,1.4683,2.7882,0.527
hidden×head,D256 H4,"B=8,S=128,D=256,H=4,FFN=1024,L=6",00101,PASS,0,524288,1.4680,2.7803,0.528
hidden×head,D256 H4,"B=8,S=128,D=256,H=4,FFN=1024,L=6",00110,PASS,0,524288,1.4681,2.8395,0.517
hidden×head,D256 H4,"B=8,S=128,D=256,H=4,FFN=1024,L=6",00111,PASS,0,524288,1.4671,2.7709,0.529
hidden×head,D256 H4,"B=8,S=128,D=256,H=4,FFN=1024,L=6",01000,PASS,0,524288,1.4663,1.4272,1.027
hidden×head,D256 H4,"B=8,S=128,D=256,H=4,FFN=1024,L=6",01001,PASS,0,524288,1.4664,1.4267,1.028
hidden×head,D256 H4,"B=8,S=128,D=256,H=4,FFN=1024,L=6",01010,PASS,0,524288,1.4652,1.4454,1.014
hidden×head,D256 H4,"B=8,S=128,D=256,H=4,FFN=1024,L=6",01011,PASS,0,524288,1.4655,1.4438,1.015
hidden×head,D256 H4,"B=8,S=128,D=256,H=4,FFN=1024,L=6",01100,PASS,0,524288,1.4680,2.3994,0.612
hidden×head,D256 H4,"B=8,S=128,D=256,H=4,FFN=1024,L=6",01101,PASS,0,524288,1.4674,2.4732,0.593
hidden×head,D256 H4,"B=8,S=128,D=256,H=4,FFN=1024,L=6",01110,PASS,0,524288,1.4668,2.6298,0.558
hidden×head,D256 H4,"B=8,S=128,D=256,H=4,FFN=1024,L=6",01111,PASS,0,524288,1.4672,2.7725,0.529
hidden×head,D256 H4,"B=8,S=128,D=256,H=4,FFN=1024,L=6",10000,PASS,0,524288,1.4673,1.3956,1.051
hidden×head,D256 H4,"B=8,S=128,D=256,H=4,FFN=1024,L=6",10001,PASS,0,524288,1.4673,1.3966,1.051
hidden×head,D256 H4,"B=8,S=128,D=256,H=4,FFN=1024,L=6",10010,PASS,0,524288,1.4663,1.4160,1.036
hidden×head,D256 H4,"B=8,S=128,D=256,H=4,FFN=1024,L=6",10011,PASS,0,524288,1.4670,1.4151,1.037
hidden×head,D256 H4,"B=8,S=128,D=256,H=4,FFN=1024,L=6",10100,PASS,0,524288,1.4668,2.5133,0.584
hidden×head,D256 H4,"B=8,S=128,D=256,H=4,FFN=1024,L=6",10101,PASS,0,524288,1.4670,2.5673,0.571
hidden×head,D256 H4,"B=8,S=128,D=256,H=4,FFN=1024,L=6",10110,PASS,0,524288,1.4673,2.6469,0.554
hidden×head,D256 H4,"B=8,S=128,D=256,H=4,FFN=1024,L=6",10111,PASS,0,524288,1.4663,2.6988,0.543
hidden×head,D256 H4,"B=8,S=128,D=256,H=4,FFN=1024,L=6",11000,PASS,0,524288,1.4683,1.2112,1.212
hidden×head,D256 H4,"B=8,S=128,D=256,H=4,FFN=1024,L=6",11001,PASS,0,524288,1.4693,1.2120,1.212
hidden×head,D256 H4,"B=8,S=128,D=256,H=4,FFN=1024,L=6",11010,PASS,0,524288,1.4653,1.2300,1.191
hidden×head,D256 H4,"B=8,S=128,D=256,H=4,FFN=1024,L=6",11011,PASS,0,524288,1.4701,1.2306,1.195
hidden×head,D256 H4,"B=8,S=128,D=256,H=4,FFN=1024,L=6",11100,PASS,0,524288,1.4692,2.3188,0.634
hidden×head,D256 H4,"B=8,S=128,D=256,H=4,FFN=1024,L=6",11101,PASS,0,524288,1.4692,2.3592,0.623
hidden×head,D256 H4,"B=8,S=128,D=256,H=4,FFN=1024,L=6",11110,PASS,0,524288,1.4661,2.3284,0.630
hidden×head,D256 H4,"B=8,S=128,D=256,H=4,FFN=1024,L=6",11111,PASS,0,524288,1.4667,2.3210,0.632
hidden×head,D384 H8,"B=8,S=128,D=384,H=8,FFN=1536,L=6",00000,PASS,0,786432,2.3958,2.3961,1.000
hidden×head,D384 H8,"B=8,S=128,D=384,H=8,FFN=1536,L=6",00001,PASS,0,786432,2.3957,2.4504,0.978
hidden×head,D384 H8,"B=8,S=128,D=384,H=8,FFN=1536,L=6",00010,PASS,0,786432,2.3955,2.4708,0.970
hidden×head,D384 H8,"B=8,S=128,D=384,H=8,FFN=1536,L=6",00011,PASS,0,786432,2.3986,2.4719,0.970
hidden×head,D384 H8,"B=8,S=128,D=384,H=8,FFN=1536,L=6",00100,PASS,0,786432,2.3996,2.7520,0.872
hidden×head,D384 H8,"B=8,S=128,D=384,H=8,FFN=1536,L=6",00101,PASS,0,786432,2.3985,2.6803,0.895
hidden×head,D384 H8,"B=8,S=128,D=384,H=8,FFN=1536,L=6",00110,PASS,0,786432,2.3997,2.7666,0.867
hidden×head,D384 H8,"B=8,S=128,D=384,H=8,FFN=1536,L=6",00111,PASS,0,786432,2.3998,2.5768,0.931
hidden×head,D384 H8,"B=8,S=128,D=384,H=8,FFN=1536,L=6",01000,PASS,0,786432,2.3995,2.3503,1.021
hidden×head,D384 H8,"B=8,S=128,D=384,H=8,FFN=1536,L=6",01001,PASS,0,786432,2.3956,2.3476,1.020
hidden×head,D384 H8,"B=8,S=128,D=384,H=8,FFN=1536,L=6",01010,PASS,0,786432,2.3978,2.3750,1.010
hidden×head,D384 H8,"B=8,S=128,D=384,H=8,FFN=1536,L=6",01011,PASS,0,786432,2.3988,2.3742,1.010
hidden×head,D384 H8,"B=8,S=128,D=384,H=8,FFN=1536,L=6",01100,PASS,0,786432,2.4023,2.3242,1.034
hidden×head,D384 H8,"B=8,S=128,D=384,H=8,FFN=1536,L=6",01101,PASS,0,786432,2.4028,2.4216,0.992
hidden×head,D384 H8,"B=8,S=128,D=384,H=8,FFN=1536,L=6",01110,PASS,0,786432,2.4030,2.4857,0.967
hidden×head,D384 H8,"B=8,S=128,D=384,H=8,FFN=1536,L=6",01111,PASS,0,786432,2.3967,2.4851,0.964
hidden×head,D384 H8,"B=8,S=128,D=384,H=8,FFN=1536,L=6",10000,PASS,0,786432,2.3989,2.2583,1.062
hidden×head,D384 H8,"B=8,S=128,D=384,H=8,FFN=1536,L=6",10001,PASS,0,786432,2.3995,2.2636,1.060
hidden×head,D384 H8,"B=8,S=128,D=384,H=8,FFN=1536,L=6",10010,PASS,0,786432,2.3975,2.2873,1.048
hidden×head,D384 H8,"B=8,S=128,D=384,H=8,FFN=1536,L=6",10011,PASS,0,786432,2.3997,2.2884,1.049
hidden×head,D384 H8,"B=8,S=128,D=384,H=8,FFN=1536,L=6",10100,PASS,0,786432,2.4005,2.5503,0.941
hidden×head,D384 H8,"B=8,S=128,D=384,H=8,FFN=1536,L=6",10101,PASS,0,786432,2.4014,2.5828,0.930
hidden×head,D384 H8,"B=8,S=128,D=384,H=8,FFN=1536,L=6",10110,PASS,0,786432,2.4025,2.7074,0.887
hidden×head,D384 H8,"B=8,S=128,D=384,H=8,FFN=1536,L=6",10111,PASS,0,786432,2.3972,2.6382,0.909
hidden×head,D384 H8,"B=8,S=128,D=384,H=8,FFN=1536,L=6",11000,PASS,0,786432,2.3982,2.0518,1.169
hidden×head,D384 H8,"B=8,S=128,D=384,H=8,FFN=1536,L=6",11001,PASS,0,786432,2.4008,2.0510,1.171
hidden×head,D384 H8,"B=8,S=128,D=384,H=8,FFN=1536,L=6",11010,PASS,0,786432,2.3974,2.0764,1.155
hidden×head,D384 H8,"B=8,S=128,D=384,H=8,FFN=1536,L=6",11011,PASS,0,786432,2.4019,2.0753,1.157
hidden×head,D384 H8,"B=8,S=128,D=384,H=8,FFN=1536,L=6",11100,PASS,0,786432,2.3977,2.2053,1.087
hidden×head,D384 H8,"B=8,S=128,D=384,H=8,FFN=1536,L=6",11101,PASS,0,786432,2.4026,2.2129,1.086
hidden×head,D384 H8,"B=8,S=128,D=384,H=8,FFN=1536,L=6",11110,PASS,0,786432,2.4029,2.2923,1.048
hidden×head,D384 H8,"B=8,S=128,D=384,H=8,FFN=1536,L=6",11111,PASS,0,786432,2.4025,2.2930,1.048
hidden×head,D512 H8,"B=8,S=128,D=512,H=8,FFN=2048,L=6",00000,PASS,0,1048576,2.8627,2.8617,1.000
hidden×head,D512 H8,"B=8,S=128,D=512,H=8,FFN=2048,L=6",00001,PASS,0,1048576,2.8658,2.9232,0.980
hidden×head,D512 H8,"B=8,S=128,D=512,H=8,FFN=2048,L=6",00010,PASS,0,1048576,2.8648,2.9743,0.963
hidden×head,D512 H8,"B=8,S=128,D=512,H=8,FFN=2048,L=6",00011,PASS,0,1048576,2.8655,2.9764,0.963
hidden×head,D512 H8,"B=8,S=128,D=512,H=8,FFN=2048,L=6",00100,PASS,0,1048576,2.8658,2.7521,1.041
hidden×head,D512 H8,"B=8,S=128,D=512,H=8,FFN=2048,L=6",00101,PASS,0,1048576,2.8646,2.7500,1.042
hidden×head,D512 H8,"B=8,S=128,D=512,H=8,FFN=2048,L=6",00110,PASS,0,1048576,2.8648,2.7510,1.041
hidden×head,D512 H8,"B=8,S=128,D=512,H=8,FFN=2048,L=6",00111,PASS,0,1048576,2.8655,2.7508,1.042
hidden×head,D512 H8,"B=8,S=128,D=512,H=8,FFN=2048,L=6",01000,PASS,0,1048576,2.8665,2.8155,1.018
hidden×head,D512 H8,"B=8,S=128,D=512,H=8,FFN=2048,L=6",01001,PASS,0,1048576,2.8666,2.8183,1.017
hidden×head,D512 H8,"B=8,S=128,D=512,H=8,FFN=2048,L=6",01010,PASS,0,1048576,2.8671,2.8647,1.001
hidden×head,D512 H8,"B=8,S=128,D=512,H=8,FFN=2048,L=6",01011,PASS,0,1048576,2.8668,2.8634,1.001
hidden×head,D512 H8,"B=8,S=128,D=512,H=8,FFN=2048,L=6",01100,PASS,0,1048576,2.8645,2.6332,1.088
hidden×head,D512 H8,"B=8,S=128,D=512,H=8,FFN=2048,L=6",01101,PASS,0,1048576,2.8687,2.6398,1.087
hidden×head,D512 H8,"B=8,S=128,D=512,H=8,FFN=2048,L=6",01110,PASS,0,1048576,2.8706,2.6395,1.088
hidden×head,D512 H8,"B=8,S=128,D=512,H=8,FFN=2048,L=6",01111,PASS,0,1048576,2.8648,2.6330,1.088
hidden×head,D512 H8,"B=8,S=128,D=512,H=8,FFN=2048,L=6",10000,PASS,0,1048576,2.8660,2.8625,1.001
hidden×head,D512 H8,"B=8,S=128,D=512,H=8,FFN=2048,L=6",10001,PASS,0,1048576,2.8675,2.8600,1.003
hidden×head,D512 H8,"B=8,S=128,D=512,H=8,FFN=2048,L=6",10010,PASS,0,1048576,2.8664,2.9054,0.987
hidden×head,D512 H8,"B=8,S=128,D=512,H=8,FFN=2048,L=6",10011,PASS,0,1048576,2.8647,2.9064,0.986
hidden×head,D512 H8,"B=8,S=128,D=512,H=8,FFN=2048,L=6",10100,PASS,0,1048576,2.8675,2.6835,1.069
hidden×head,D512 H8,"B=8,S=128,D=512,H=8,FFN=2048,L=6",10101,PASS,0,1048576,2.8707,2.6880,1.068
hidden×head,D512 H8,"B=8,S=128,D=512,H=8,FFN=2048,L=6",10110,PASS,0,1048576,2.8768,2.6824,1.072
hidden×head,D512 H8,"B=8,S=128,D=512,H=8,FFN=2048,L=6",10111,PASS,0,1048576,2.8728,2.6908,1.068
hidden×head,D512 H8,"B=8,S=128,D=512,H=8,FFN=2048,L=6",11000,PASS,0,1048576,2.8658,2.6216,1.093
hidden×head,D512 H8,"B=8,S=128,D=512,H=8,FFN=2048,L=6",11001,PASS,0,1048576,2.8671,2.6200,1.094
hidden×head,D512 H8,"B=8,S=128,D=512,H=8,FFN=2048,L=6",11010,PASS,0,1048576,2.8635,2.6647,1.075
hidden×head,D512 H8,"B=8,S=128,D=512,H=8,FFN=2048,L=6",11011,PASS,0,1048576,2.8638,2.6649,1.075
hidden×head,D512 H8,"B=8,S=128,D=512,H=8,FFN=2048,L=6",11100,PASS,0,1048576,2.8638,2.4428,1.172
hidden×head,D512 H8,"B=8,S=128,D=512,H=8,FFN=2048,L=6",11101,PASS,0,1048576,2.8654,2.4401,1.174
hidden×head,D512 H8,"B=8,S=128,D=512,H=8,FFN=2048,L=6",11110,PASS,0,1048576,2.8709,2.4548,1.169
hidden×head,D512 H8,"B=8,S=128,D=512,H=8,FFN=2048,L=6",11111,PASS,0,1048576,2.8731,2.4500,1.173
hidden×head,D768 H12,"B=8,S=128,D=768,H=12,FFN=3072,L=6",00000,PASS,0,1572864,5.8414,5.8391,1.000
hidden×head,D768 H12,"B=8,S=128,D=768,H=12,FFN=3072,L=6",00001,PASS,0,1572864,5.8373,5.9061,0.988
hidden×head,D768 H12,"B=8,S=128,D=768,H=12,FFN=3072,L=6",00010,PASS,0,1572864,5.8406,5.9721,0.978
hidden×head,D768 H12,"B=8,S=128,D=768,H=12,FFN=3072,L=6",00011,PASS,0,1572864,5.8404,5.9658,0.979
hidden×head,D768 H12,"B=8,S=128,D=768,H=12,FFN=3072,L=6",00100,PASS,0,1572864,5.8718,5.7225,1.026
hidden×head,D768 H12,"B=8,S=128,D=768,H=12,FFN=3072,L=6",00101,PASS,0,1572864,5.8372,5.6772,1.028
hidden×head,D768 H12,"B=8,S=128,D=768,H=12,FFN=3072,L=6",00110,PASS,0,1572864,5.8736,5.7216,1.027
hidden×head,D768 H12,"B=8,S=128,D=768,H=12,FFN=3072,L=6",00111,PASS,0,1572864,5.8354,5.6788,1.028
hidden×head,D768 H12,"B=8,S=128,D=768,H=12,FFN=3072,L=6",01000,PASS,0,1572864,5.8613,5.8217,1.007
hidden×head,D768 H12,"B=8,S=128,D=768,H=12,FFN=3072,L=6",01001,PASS,0,1572864,5.8422,5.8044,1.007
hidden×head,D768 H12,"B=8,S=128,D=768,H=12,FFN=3072,L=6",01010,PASS,0,1572864,5.8460,5.8441,1.000
hidden×head,D768 H12,"B=8,S=128,D=768,H=12,FFN=3072,L=6",01011,PASS,0,1572864,5.8524,5.8529,1.000
hidden×head,D768 H12,"B=8,S=128,D=768,H=12,FFN=3072,L=6",01100,PASS,0,1572864,5.8448,5.5945,1.045
hidden×head,D768 H12,"B=8,S=128,D=768,H=12,FFN=3072,L=6",01101,PASS,0,1572864,5.8424,5.5977,1.044
hidden×head,D768 H12,"B=8,S=128,D=768,H=12,FFN=3072,L=6",01110,PASS,0,1572864,5.8361,5.5804,1.046
hidden×head,D768 H12,"B=8,S=128,D=768,H=12,FFN=3072,L=6",01111,PASS,0,1572864,5.8589,5.5990,1.046
hidden×head,D768 H12,"B=8,S=128,D=768,H=12,FFN=3072,L=6",10000,PASS,0,1572864,5.8485,5.6050,1.043
hidden×head,D768 H12,"B=8,S=128,D=768,H=12,FFN=3072,L=6",10001,PASS,0,1572864,5.8485,5.6026,1.044
hidden×head,D768 H12,"B=8,S=128,D=768,H=12,FFN=3072,L=6",10010,PASS,0,1572864,5.8636,5.6836,1.032
hidden×head,D768 H12,"B=8,S=128,D=768,H=12,FFN=3072,L=6",10011,PASS,0,1572864,5.8679,5.6832,1.032
hidden×head,D768 H12,"B=8,S=128,D=768,H=12,FFN=3072,L=6",10100,PASS,0,1572864,5.8582,5.4273,1.079
hidden×head,D768 H12,"B=8,S=128,D=768,H=12,FFN=3072,L=6",10101,PASS,0,1572864,5.8546,5.4037,1.083
hidden×head,D768 H12,"B=8,S=128,D=768,H=12,FFN=3072,L=6",10110,PASS,0,1572864,5.8552,5.4061,1.083
hidden×head,D768 H12,"B=8,S=128,D=768,H=12,FFN=3072,L=6",10111,PASS,0,1572864,5.8685,5.4163,1.083
hidden×head,D768 H12,"B=8,S=128,D=768,H=12,FFN=3072,L=6",11000,PASS,0,1572864,5.8693,5.2866,1.110
hidden×head,D768 H12,"B=8,S=128,D=768,H=12,FFN=3072,L=6",11001,PASS,0,1572864,5.8710,5.2867,1.111
hidden×head,D768 H12,"B=8,S=128,D=768,H=12,FFN=3072,L=6",11010,PASS,0,1572864,5.8637,5.3333,1.099
hidden×head,D768 H12,"B=8,S=128,D=768,H=12,FFN=3072,L=6",11011,PASS,0,1572864,5.8570,5.3429,1.096
hidden×head,D768 H12,"B=8,S=128,D=768,H=12,FFN=3072,L=6",11100,PASS,0,1572864,5.8584,5.0983,1.149
hidden×head,D768 H12,"B=8,S=128,D=768,H=12,FFN=3072,L=6",11101,PASS,0,1572864,5.8563,5.1018,1.148
hidden×head,D768 H12,"B=8,S=128,D=768,H=12,FFN=3072,L=6",11110,PASS,0,1572864,5.8615,5.1040,1.148
hidden×head,D768 H12,"B=8,S=128,D=768,H=12,FFN=3072,L=6",11111,PASS,0,1572864,5.8577,5.1039,1.148
hidden×head,D1024 H16,"B=8,S=128,D=1024,H=16,FFN=4096,L=6",00000,PASS,0,2097152,8.4944,8.4866,1.001
hidden×head,D1024 H16,"B=8,S=128,D=1024,H=16,FFN=4096,L=6",00001,PASS,0,2097152,8.5064,8.5742,0.992
hidden×head,D1024 H16,"B=8,S=128,D=1024,H=16,FFN=4096,L=6",00010,PASS,0,2097152,8.5056,8.6251,0.986
hidden×head,D1024 H16,"B=8,S=128,D=1024,H=16,FFN=4096,L=6",00011,PASS,0,2097152,8.5014,8.6305,0.985
hidden×head,D1024 H16,"B=8,S=128,D=1024,H=16,FFN=4096,L=6",00100,PASS,0,2097152,8.4986,8.3677,1.016
hidden×head,D1024 H16,"B=8,S=128,D=1024,H=16,FFN=4096,L=6",00101,PASS,0,2097152,8.5035,8.3622,1.017
hidden×head,D1024 H16,"B=8,S=128,D=1024,H=16,FFN=4096,L=6",00110,PASS,0,2097152,8.5032,8.3591,1.017
hidden×head,D1024 H16,"B=8,S=128,D=1024,H=16,FFN=4096,L=6",00111,PASS,0,2097152,8.5074,8.3633,1.017
hidden×head,D1024 H16,"B=8,S=128,D=1024,H=16,FFN=4096,L=6",01000,PASS,0,2097152,8.5048,8.3991,1.013
hidden×head,D1024 H16,"B=8,S=128,D=1024,H=16,FFN=4096,L=6",01001,PASS,0,2097152,8.5026,8.3917,1.013
hidden×head,D1024 H16,"B=8,S=128,D=1024,H=16,FFN=4096,L=6",01010,PASS,0,2097152,8.5067,8.4562,1.006
hidden×head,D1024 H16,"B=8,S=128,D=1024,H=16,FFN=4096,L=6",01011,PASS,0,2097152,8.5036,8.4541,1.006
hidden×head,D1024 H16,"B=8,S=128,D=1024,H=16,FFN=4096,L=6",01100,PASS,0,2097152,8.5021,8.1858,1.039
hidden×head,D1024 H16,"B=8,S=128,D=1024,H=16,FFN=4096,L=6",01101,PASS,0,2097152,8.5107,8.1908,1.039
hidden×head,D1024 H16,"B=8,S=128,D=1024,H=16,FFN=4096,L=6",01110,PASS,0,2097152,8.5150,8.2097,1.037
hidden×head,D1024 H16,"B=8,S=128,D=1024,H=16,FFN=4096,L=6",01111,PASS,0,2097152,8.5159,8.1991,1.039
hidden×head,D1024 H16,"B=8,S=128,D=1024,H=16,FFN=4096,L=6",10000,PASS,0,2097152,8.5025,8.6461,0.983
hidden×head,D1024 H16,"B=8,S=128,D=1024,H=16,FFN=4096,L=6",10001,PASS,0,2097152,8.5032,8.6502,0.983
hidden×head,D1024 H16,"B=8,S=128,D=1024,H=16,FFN=4096,L=6",10010,PASS,0,2097152,8.5052,8.7111,0.976
hidden×head,D1024 H16,"B=8,S=128,D=1024,H=16,FFN=4096,L=6",10011,PASS,0,2097152,8.5012,8.7140,0.976
hidden×head,D1024 H16,"B=8,S=128,D=1024,H=16,FFN=4096,L=6",10100,PASS,0,2097152,8.5033,8.4144,1.011
hidden×head,D1024 H16,"B=8,S=128,D=1024,H=16,FFN=4096,L=6",10101,PASS,0,2097152,8.5062,8.4171,1.011
hidden×head,D1024 H16,"B=8,S=128,D=1024,H=16,FFN=4096,L=6",10110,PASS,0,2097152,8.5049,8.4077,1.012
hidden×head,D1024 H16,"B=8,S=128,D=1024,H=16,FFN=4096,L=6",10111,PASS,0,2097152,8.4956,8.4128,1.010
hidden×head,D1024 H16,"B=8,S=128,D=1024,H=16,FFN=4096,L=6",11000,PASS,0,2097152,8.5078,8.2486,1.031
hidden×head,D1024 H16,"B=8,S=128,D=1024,H=16,FFN=4096,L=6",11001,PASS,0,2097152,8.5002,8.2532,1.030
hidden×head,D1024 H16,"B=8,S=128,D=1024,H=16,FFN=4096,L=6",11010,PASS,0,2097152,8.5089,8.2771,1.028
hidden×head,D1024 H16,"B=8,S=128,D=1024,H=16,FFN=4096,L=6",11011,PASS,0,2097152,8.5115,8.2858,1.027
hidden×head,D1024 H16,"B=8,S=128,D=1024,H=16,FFN=4096,L=6",11100,PASS,0,2097152,8.5057,8.0158,1.061
hidden×head,D1024 H16,"B=8,S=128,D=1024,H=16,FFN=4096,L=6",11101,PASS,0,2097152,8.5036,8.0223,1.060
hidden×head,D1024 H16,"B=8,S=128,D=1024,H=16,FFN=4096,L=6",11110,PASS,0,2097152,8.5071,8.0183,1.061
hidden×head,D1024 H16,"B=8,S=128,D=1024,H=16,FFN=4096,L=6",11111,PASS,0,2097152,8.5109,8.0259,1.060
hidden×head,D1536 H24,"B=2,S=64,D=1536,H=24,FFN=6144,L=2",00000,PASS,0,393216,1.3915,1.4072,0.989
hidden×head,D1536 H24,"B=2,S=64,D=1536,H=24,FFN=6144,L=2",00001,PASS,0,393216,1.3938,1.4229,0.980
hidden×head,D1536 H24,"B=2,S=64,D=1536,H=24,FFN=6144,L=2",00010,PASS,0,393216,1.3876,1.4293,0.971
hidden×head,D1536 H24,"B=2,S=64,D=1536,H=24,FFN=6144,L=2",00011,PASS,0,393216,1.3866,1.4243,0.974
hidden×head,D1536 H24,"B=2,S=64,D=1536,H=24,FFN=6144,L=2",00100,PASS,0,393216,1.3974,1.3702,1.020
hidden×head,D1536 H24,"B=2,S=64,D=1536,H=24,FFN=6144,L=2",00101,PASS,0,393216,1.3816,1.3546,1.020
hidden×head,D1536 H24,"B=2,S=64,D=1536,H=24,FFN=6144,L=2",00110,PASS,0,393216,1.3883,1.3520,1.027
hidden×head,D1536 H24,"B=2,S=64,D=1536,H=24,FFN=6144,L=2",00111,PASS,0,393216,1.3955,1.3751,1.015
hidden×head,D1536 H24,"B=2,S=64,D=1536,H=24,FFN=6144,L=2",01000,PASS,0,393216,1.4011,1.3915,1.007
hidden×head,D1536 H24,"B=2,S=64,D=1536,H=24,FFN=6144,L=2",01001,PASS,0,393216,1.4016,1.3951,1.005
hidden×head,D1536 H24,"B=2,S=64,D=1536,H=24,FFN=6144,L=2",01010,PASS,0,393216,1.3821,1.3746,1.005
hidden×head,D1536 H24,"B=2,S=64,D=1536,H=24,FFN=6144,L=2",01011,PASS,0,393216,1.4018,1.3740,1.020
hidden×head,D1536 H24,"B=2,S=64,D=1536,H=24,FFN=6144,L=2",01100,PASS,0,393216,1.3975,1.3221,1.057
hidden×head,D1536 H24,"B=2,S=64,D=1536,H=24,FFN=6144,L=2",01101,PASS,0,393216,1.4008,1.3194,1.062
hidden×head,D1536 H24,"B=2,S=64,D=1536,H=24,FFN=6144,L=2",01110,PASS,0,393216,1.4028,1.3438,1.044
hidden×head,D1536 H24,"B=2,S=64,D=1536,H=24,FFN=6144,L=2",01111,PASS,0,393216,1.4021,1.3194,1.063
hidden×head,D1536 H24,"B=2,S=64,D=1536,H=24,FFN=6144,L=2",10000,PASS,0,393216,1.4004,1.2470,1.123
hidden×head,D1536 H24,"B=2,S=64,D=1536,H=24,FFN=6144,L=2",10001,PASS,0,393216,1.3812,1.2408,1.113
hidden×head,D1536 H24,"B=2,S=64,D=1536,H=24,FFN=6144,L=2",10010,PASS,0,393216,1.3792,1.2700,1.086
hidden×head,D1536 H24,"B=2,S=64,D=1536,H=24,FFN=6144,L=2",10011,PASS,0,393216,1.3991,1.2533,1.116
hidden×head,D1536 H24,"B=2,S=64,D=1536,H=24,FFN=6144,L=2",10100,PASS,0,393216,1.3815,1.2164,1.136
hidden×head,D1536 H24,"B=2,S=64,D=1536,H=24,FFN=6144,L=2",10101,PASS,0,393216,1.3732,1.1970,1.147
hidden×head,D1536 H24,"B=2,S=64,D=1536,H=24,FFN=6144,L=2",10110,PASS,0,393216,1.3820,1.2107,1.141
hidden×head,D1536 H24,"B=2,S=64,D=1536,H=24,FFN=6144,L=2",10111,PASS,0,393216,1.3763,1.1962,1.151
hidden×head,D1536 H24,"B=2,S=64,D=1536,H=24,FFN=6144,L=2",11000,PASS,0,393216,1.3986,1.1944,1.171
hidden×head,D1536 H24,"B=2,S=64,D=1536,H=24,FFN=6144,L=2",11001,PASS,0,393216,1.3783,1.1966,1.152
hidden×head,D1536 H24,"B=2,S=64,D=1536,H=24,FFN=6144,L=2",11010,PASS,0,393216,1.4003,1.1974,1.169
hidden×head,D1536 H24,"B=2,S=64,D=1536,H=24,FFN=6144,L=2",11011,PASS,0,393216,1.3953,1.1973,1.165
hidden×head,D1536 H24,"B=2,S=64,D=1536,H=24,FFN=6144,L=2",11100,PASS,0,393216,1.3984,1.1476,1.219
hidden×head,D1536 H24,"B=2,S=64,D=1536,H=24,FFN=6144,L=2",11101,PASS,0,393216,1.3820,1.1502,1.202
hidden×head,D1536 H24,"B=2,S=64,D=1536,H=24,FFN=6144,L=2",11110,PASS,0,393216,1.3761,1.1465,1.200
hidden×head,D1536 H24,"B=2,S=64,D=1536,H=24,FFN=6144,L=2",11111,PASS,0,393216,1.3759,1.1474,1.199
hidden×head,D2048 H32,"B=1,S=32,D=2048,H=32,FFN=8192,L=1",00000,PASS,0,131072,0.4436,0.4436,1.000
hidden×head,D2048 H32,"B=1,S=32,D=2048,H=32,FFN=8192,L=1",00001,PASS,0,131072,0.4478,0.4518,0.991
hidden×head,D2048 H32,"B=1,S=32,D=2048,H=32,FFN=8192,L=1",00010,PASS,0,131072,0.4478,0.4518,0.991
hidden×head,D2048 H32,"B=1,S=32,D=2048,H=32,FFN=8192,L=1",00011,PASS,0,131072,0.4478,0.4518,0.991
hidden×head,D2048 H32,"B=1,S=32,D=2048,H=32,FFN=8192,L=1",00100,PASS,0,131072,0.4478,0.4886,0.916
hidden×head,D2048 H32,"B=1,S=32,D=2048,H=32,FFN=8192,L=1",00101,PASS,0,131072,0.4478,0.4518,0.991
hidden×head,D2048 H32,"B=1,S=32,D=2048,H=32,FFN=8192,L=1",00110,PASS,0,131072,0.4478,0.4305,1.040
hidden×head,D2048 H32,"B=1,S=32,D=2048,H=32,FFN=8192,L=1",00111,PASS,0,131072,0.4478,0.4518,0.991
hidden×head,D2048 H32,"B=1,S=32,D=2048,H=32,FFN=8192,L=1",01000,PASS,0,131072,0.4478,0.4441,1.008
hidden×head,D2048 H32,"B=1,S=32,D=2048,H=32,FFN=8192,L=1",01001,PASS,0,131072,0.4478,0.4440,1.009
hidden×head,D2048 H32,"B=1,S=32,D=2048,H=32,FFN=8192,L=1",01010,PASS,0,131072,0.4477,0.4440,1.009
hidden×head,D2048 H32,"B=1,S=32,D=2048,H=32,FFN=8192,L=1",01011,PASS,0,131072,0.4477,0.4440,1.008
hidden×head,D2048 H32,"B=1,S=32,D=2048,H=32,FFN=8192,L=1",01100,PASS,0,131072,0.4478,0.4205,1.065
hidden×head,D2048 H32,"B=1,S=32,D=2048,H=32,FFN=8192,L=1",01101,PASS,0,131072,0.4478,0.4440,1.009
hidden×head,D2048 H32,"B=1,S=32,D=2048,H=32,FFN=8192,L=1",01110,PASS,0,131072,0.4477,0.4214,1.063
hidden×head,D2048 H32,"B=1,S=32,D=2048,H=32,FFN=8192,L=1",01111,PASS,0,131072,0.4478,0.4440,1.009
hidden×head,D2048 H32,"B=1,S=32,D=2048,H=32,FFN=8192,L=1",10000,PASS,0,131072,0.4478,0.4334,1.033
hidden×head,D2048 H32,"B=1,S=32,D=2048,H=32,FFN=8192,L=1",10001,PASS,0,131072,0.4478,0.4334,1.033
hidden×head,D2048 H32,"B=1,S=32,D=2048,H=32,FFN=8192,L=1",10010,PASS,0,131072,0.4478,0.4334,1.033
hidden×head,D2048 H32,"B=1,S=32,D=2048,H=32,FFN=8192,L=1",10011,PASS,0,131072,0.4478,0.4334,1.033
hidden×head,D2048 H32,"B=1,S=32,D=2048,H=32,FFN=8192,L=1",10100,PASS,0,131072,0.4478,0.4676,0.958
hidden×head,D2048 H32,"B=1,S=32,D=2048,H=32,FFN=8192,L=1",10101,PASS,0,131072,0.4477,0.4334,1.033
hidden×head,D2048 H32,"B=1,S=32,D=2048,H=32,FFN=8192,L=1",10110,PASS,0,131072,0.4477,0.4671,0.959
hidden×head,D2048 H32,"B=1,S=32,D=2048,H=32,FFN=8192,L=1",10111,PASS,0,131072,0.4478,0.4334,1.033
hidden×head,D2048 H32,"B=1,S=32,D=2048,H=32,FFN=8192,L=1",11000,PASS,0,131072,0.4478,0.4236,1.057
hidden×head,D2048 H32,"B=1,S=32,D=2048,H=32,FFN=8192,L=1",11001,PASS,0,131072,0.4478,0.4236,1.057
hidden×head,D2048 H32,"B=1,S=32,D=2048,H=32,FFN=8192,L=1",11010,PASS,0,131072,0.4478,0.4236,1.057
hidden×head,D2048 H32,"B=1,S=32,D=2048,H=32,FFN=8192,L=1",11011,PASS,0,131072,0.4478,0.4236,1.057
hidden×head,D2048 H32,"B=1,S=32,D=2048,H=32,FFN=8192,L=1",11100,PASS,0,131072,0.4478,0.3986,1.123
hidden×head,D2048 H32,"B=1,S=32,D=2048,H=32,FFN=8192,L=1",11101,PASS,0,131072,0.4478,0.4236,1.057
hidden×head,D2048 H32,"B=1,S=32,D=2048,H=32,FFN=8192,L=1",11110,PASS,0,131072,0.4477,0.3987,1.123
hidden×head,D2048 H32,"B=1,S=32,D=2048,H=32,FFN=8192,L=1",11111,PASS,0,131072,0.4478,0.4237,1.057
layer count,L1,"B=8,S=128,D=512,H=8,FFN=2048,L=1",00000,PASS,0,1048576,0.4686,0.4687,1.000
layer count,L1,"B=8,S=128,D=512,H=8,FFN=2048,L=1",00001,PASS,0,1048576,0.4665,0.4808,0.970
layer count,L1,"B=8,S=128,D=512,H=8,FFN=2048,L=1",00010,PASS,0,1048576,0.4666,0.4806,0.971
layer count,L1,"B=8,S=128,D=512,H=8,FFN=2048,L=1",00011,PASS,0,1048576,0.4665,0.4807,0.971
layer count,L1,"B=8,S=128,D=512,H=8,FFN=2048,L=1",00100,PASS,0,1048576,0.4666,0.4437,1.052
layer count,L1,"B=8,S=128,D=512,H=8,FFN=2048,L=1",00101,PASS,0,1048576,0.4685,0.4438,1.056
layer count,L1,"B=8,S=128,D=512,H=8,FFN=2048,L=1",00110,PASS,0,1048576,0.4662,0.4437,1.051
layer count,L1,"B=8,S=128,D=512,H=8,FFN=2048,L=1",00111,PASS,0,1048576,0.4668,0.4456,1.048
layer count,L1,"B=8,S=128,D=512,H=8,FFN=2048,L=1",01000,PASS,0,1048576,0.4666,0.4638,1.006
layer count,L1,"B=8,S=128,D=512,H=8,FFN=2048,L=1",01001,PASS,0,1048576,0.4666,0.4637,1.006
layer count,L1,"B=8,S=128,D=512,H=8,FFN=2048,L=1",01010,PASS,0,1048576,0.4685,0.4638,1.010
layer count,L1,"B=8,S=128,D=512,H=8,FFN=2048,L=1",01011,PASS,0,1048576,0.4685,0.4637,1.010
layer count,L1,"B=8,S=128,D=512,H=8,FFN=2048,L=1",01100,PASS,0,1048576,0.4666,0.4249,1.098
layer count,L1,"B=8,S=128,D=512,H=8,FFN=2048,L=1",01101,PASS,0,1048576,0.4685,0.4253,1.102
layer count,L1,"B=8,S=128,D=512,H=8,FFN=2048,L=1",01110,PASS,0,1048576,0.4666,0.4252,1.097
layer count,L1,"B=8,S=128,D=512,H=8,FFN=2048,L=1",01111,PASS,0,1048576,0.4664,0.4252,1.097
layer count,L1,"B=8,S=128,D=512,H=8,FFN=2048,L=1",10000,PASS,0,1048576,0.4686,0.4666,1.004
layer count,L1,"B=8,S=128,D=512,H=8,FFN=2048,L=1",10001,PASS,0,1048576,0.4685,0.4665,1.004
layer count,L1,"B=8,S=128,D=512,H=8,FFN=2048,L=1",10010,PASS,0,1048576,0.4686,0.4665,1.004
layer count,L1,"B=8,S=128,D=512,H=8,FFN=2048,L=1",10011,PASS,0,1048576,0.4685,0.4665,1.004
layer count,L1,"B=8,S=128,D=512,H=8,FFN=2048,L=1",10100,PASS,0,1048576,0.4682,0.4855,0.964
layer count,L1,"B=8,S=128,D=512,H=8,FFN=2048,L=1",10101,PASS,0,1048576,0.4685,0.4298,1.090
layer count,L1,"B=8,S=128,D=512,H=8,FFN=2048,L=1",10110,PASS,0,1048576,0.4686,0.4277,1.096
layer count,L1,"B=8,S=128,D=512,H=8,FFN=2048,L=1",10111,PASS,0,1048576,0.4685,0.4277,1.095
layer count,L1,"B=8,S=128,D=512,H=8,FFN=2048,L=1",11000,PASS,0,1048576,0.4683,0.4315,1.085
layer count,L1,"B=8,S=128,D=512,H=8,FFN=2048,L=1",11001,PASS,0,1048576,0.4666,0.4315,1.081
layer count,L1,"B=8,S=128,D=512,H=8,FFN=2048,L=1",11010,PASS,0,1048576,0.4683,0.4315,1.085
layer count,L1,"B=8,S=128,D=512,H=8,FFN=2048,L=1",11011,PASS,0,1048576,0.4686,0.4315,1.086
layer count,L1,"B=8,S=128,D=512,H=8,FFN=2048,L=1",11100,PASS,0,1048576,0.4680,0.3923,1.193
layer count,L1,"B=8,S=128,D=512,H=8,FFN=2048,L=1",11101,PASS,0,1048576,0.4685,0.3938,1.190
layer count,L1,"B=8,S=128,D=512,H=8,FFN=2048,L=1",11110,PASS,0,1048576,0.4685,0.3923,1.194
layer count,L1,"B=8,S=128,D=512,H=8,FFN=2048,L=1",11111,PASS,0,1048576,0.4684,0.3923,1.194
layer count,L2,"B=8,S=128,D=512,H=8,FFN=2048,L=2",00000,PASS,0,1048576,0.9253,0.9254,1.000
layer count,L2,"B=8,S=128,D=512,H=8,FFN=2048,L=2",00001,PASS,0,1048576,0.9229,0.9438,0.978
layer count,L2,"B=8,S=128,D=512,H=8,FFN=2048,L=2",00010,PASS,0,1048576,0.9231,0.9556,0.966
layer count,L2,"B=8,S=128,D=512,H=8,FFN=2048,L=2",00011,PASS,0,1048576,0.9232,0.9548,0.967
layer count,L2,"B=8,S=128,D=512,H=8,FFN=2048,L=2",00100,PASS,0,1048576,0.9233,0.8802,1.049
layer count,L2,"B=8,S=128,D=512,H=8,FFN=2048,L=2",00101,PASS,0,1048576,0.9291,0.8848,1.050
layer count,L2,"B=8,S=128,D=512,H=8,FFN=2048,L=2",00110,PASS,0,1048576,0.9232,0.8812,1.048
layer count,L2,"B=8,S=128,D=512,H=8,FFN=2048,L=2",00111,PASS,0,1048576,0.9232,0.8803,1.049
layer count,L2,"B=8,S=128,D=512,H=8,FFN=2048,L=2",01000,PASS,0,1048576,0.9232,0.9106,1.014
layer count,L2,"B=8,S=128,D=512,H=8,FFN=2048,L=2",01001,PASS,0,1048576,0.9254,0.9168,1.009
layer count,L2,"B=8,S=128,D=512,H=8,FFN=2048,L=2",01010,PASS,0,1048576,0.9233,0.9249,0.998
layer count,L2,"B=8,S=128,D=512,H=8,FFN=2048,L=2",01011,PASS,0,1048576,0.9231,0.9230,1.000
layer count,L2,"B=8,S=128,D=512,H=8,FFN=2048,L=2",01100,PASS,0,1048576,0.9233,0.8455,1.092
layer count,L2,"B=8,S=128,D=512,H=8,FFN=2048,L=2",01101,PASS,0,1048576,0.9237,0.8471,1.090
layer count,L2,"B=8,S=128,D=512,H=8,FFN=2048,L=2",01110,PASS,0,1048576,0.9250,0.9080,1.019
layer count,L2,"B=8,S=128,D=512,H=8,FFN=2048,L=2",01111,PASS,0,1048576,0.9232,0.8472,1.090
layer count,L2,"B=8,S=128,D=512,H=8,FFN=2048,L=2",10000,PASS,0,1048576,0.9249,0.9209,1.004
layer count,L2,"B=8,S=128,D=512,H=8,FFN=2048,L=2",10001,PASS,0,1048576,0.9232,0.9192,1.004
layer count,L2,"B=8,S=128,D=512,H=8,FFN=2048,L=2",10010,PASS,0,1048576,0.9230,0.9291,0.993
layer count,L2,"B=8,S=128,D=512,H=8,FFN=2048,L=2",10011,PASS,0,1048576,0.9227,0.9274,0.995
layer count,L2,"B=8,S=128,D=512,H=8,FFN=2048,L=2",10100,PASS,0,1048576,0.9233,0.8557,1.079
layer count,L2,"B=8,S=128,D=512,H=8,FFN=2048,L=2",10101,PASS,0,1048576,0.9233,0.8553,1.079
layer count,L2,"B=8,S=128,D=512,H=8,FFN=2048,L=2",10110,PASS,0,1048576,0.9253,0.8575,1.079
layer count,L2,"B=8,S=128,D=512,H=8,FFN=2048,L=2",10111,PASS,0,1048576,0.9230,0.8532,1.082
layer count,L2,"B=8,S=128,D=512,H=8,FFN=2048,L=2",11000,PASS,0,1048576,0.9274,0.8496,1.092
layer count,L2,"B=8,S=128,D=512,H=8,FFN=2048,L=2",11001,PASS,0,1048576,0.9231,0.8455,1.092
layer count,L2,"B=8,S=128,D=512,H=8,FFN=2048,L=2",11010,PASS,0,1048576,0.9231,0.8557,1.079
layer count,L2,"B=8,S=128,D=512,H=8,FFN=2048,L=2",11011,PASS,0,1048576,0.9229,0.8557,1.079
layer count,L2,"B=8,S=128,D=512,H=8,FFN=2048,L=2",11100,PASS,0,1048576,0.9250,0.7811,1.184
layer count,L2,"B=8,S=128,D=512,H=8,FFN=2048,L=2",11101,PASS,0,1048576,0.9291,0.7839,1.185
layer count,L2,"B=8,S=128,D=512,H=8,FFN=2048,L=2",11110,PASS,0,1048576,0.9290,0.7843,1.185
layer count,L2,"B=8,S=128,D=512,H=8,FFN=2048,L=2",11111,PASS,0,1048576,0.9250,0.7860,1.177
layer count,L4,"B=8,S=128,D=512,H=8,FFN=2048,L=4",00000,PASS,0,1048576,1.9432,1.9415,1.001
layer count,L4,"B=8,S=128,D=512,H=8,FFN=2048,L=4",00001,PASS,0,1048576,1.9461,1.9686,0.989
layer count,L4,"B=8,S=128,D=512,H=8,FFN=2048,L=4",00010,PASS,0,1048576,1.9460,2.0135,0.966
layer count,L4,"B=8,S=128,D=512,H=8,FFN=2048,L=4",00011,PASS,0,1048576,1.9459,2.0117,0.967
layer count,L4,"B=8,S=128,D=512,H=8,FFN=2048,L=4",00100,PASS,0,1048576,1.9461,1.8653,1.043
layer count,L4,"B=8,S=128,D=512,H=8,FFN=2048,L=4",00101,PASS,0,1048576,1.9476,1.8677,1.043
layer count,L4,"B=8,S=128,D=512,H=8,FFN=2048,L=4",00110,PASS,0,1048576,1.9459,1.8693,1.041
layer count,L4,"B=8,S=128,D=512,H=8,FFN=2048,L=4",00111,PASS,0,1048576,1.9493,1.8714,1.042
layer count,L4,"B=8,S=128,D=512,H=8,FFN=2048,L=4",01000,PASS,0,1048576,1.9473,1.9171,1.016
layer count,L4,"B=8,S=128,D=512,H=8,FFN=2048,L=4",01001,PASS,0,1048576,1.9463,1.9182,1.015
layer count,L4,"B=8,S=128,D=512,H=8,FFN=2048,L=4",01010,PASS,0,1048576,1.9470,1.9489,0.999
layer count,L4,"B=8,S=128,D=512,H=8,FFN=2048,L=4",01011,PASS,0,1048576,1.9469,1.9497,0.999
layer count,L4,"B=8,S=128,D=512,H=8,FFN=2048,L=4",01100,PASS,0,1048576,1.9469,1.7910,1.087
layer count,L4,"B=8,S=128,D=512,H=8,FFN=2048,L=4",01101,PASS,0,1048576,1.9469,1.7716,1.099
layer count,L4,"B=8,S=128,D=512,H=8,FFN=2048,L=4",01110,PASS,0,1048576,1.9452,1.7900,1.087
layer count,L4,"B=8,S=128,D=512,H=8,FFN=2048,L=4",01111,PASS,0,1048576,1.9466,1.7557,1.109
layer count,L4,"B=8,S=128,D=512,H=8,FFN=2048,L=4",10000,PASS,0,1048576,1.9462,1.9421,1.002
layer count,L4,"B=8,S=128,D=512,H=8,FFN=2048,L=4",10001,PASS,0,1048576,1.9463,1.9419,1.002
layer count,L4,"B=8,S=128,D=512,H=8,FFN=2048,L=4",10010,PASS,0,1048576,1.9469,1.9285,1.010
layer count,L4,"B=8,S=128,D=512,H=8,FFN=2048,L=4",10011,PASS,0,1048576,1.9449,1.9288,1.008
layer count,L4,"B=8,S=128,D=512,H=8,FFN=2048,L=4",10100,PASS,0,1048576,1.9479,1.8275,1.066
layer count,L4,"B=8,S=128,D=512,H=8,FFN=2048,L=4",10101,PASS,0,1048576,1.9452,1.8230,1.067
layer count,L4,"B=8,S=128,D=512,H=8,FFN=2048,L=4",10110,PASS,0,1048576,1.9479,1.8173,1.072
layer count,L4,"B=8,S=128,D=512,H=8,FFN=2048,L=4",10111,PASS,0,1048576,1.9462,1.8180,1.071
layer count,L4,"B=8,S=128,D=512,H=8,FFN=2048,L=4",11000,PASS,0,1048576,1.9450,1.7441,1.115
layer count,L4,"B=8,S=128,D=512,H=8,FFN=2048,L=4",11001,PASS,0,1048576,1.9479,1.7574,1.108
layer count,L4,"B=8,S=128,D=512,H=8,FFN=2048,L=4",11010,PASS,0,1048576,1.9459,1.8107,1.075
layer count,L4,"B=8,S=128,D=512,H=8,FFN=2048,L=4",11011,PASS,0,1048576,1.9459,1.8122,1.074
layer count,L4,"B=8,S=128,D=512,H=8,FFN=2048,L=4",11100,PASS,0,1048576,1.9473,1.6598,1.173
layer count,L4,"B=8,S=128,D=512,H=8,FFN=2048,L=4",11101,PASS,0,1048576,1.9479,1.6603,1.173
layer count,L4,"B=8,S=128,D=512,H=8,FFN=2048,L=4",11110,PASS,0,1048576,1.9469,1.6587,1.174
layer count,L4,"B=8,S=128,D=512,H=8,FFN=2048,L=4",11111,PASS,0,1048576,1.9460,1.6589,1.173
layer count,L6,"B=8,S=128,D=512,H=8,FFN=2048,L=6",00000,PASS,0,1048576,2.8627,2.8617,1.000
layer count,L6,"B=8,S=128,D=512,H=8,FFN=2048,L=6",00001,PASS,0,1048576,2.8658,2.9232,0.980
layer count,L6,"B=8,S=128,D=512,H=8,FFN=2048,L=6",00010,PASS,0,1048576,2.8648,2.9743,0.963
layer count,L6,"B=8,S=128,D=512,H=8,FFN=2048,L=6",00011,PASS,0,1048576,2.8655,2.9764,0.963
layer count,L6,"B=8,S=128,D=512,H=8,FFN=2048,L=6",00100,PASS,0,1048576,2.8658,2.7521,1.041
layer count,L6,"B=8,S=128,D=512,H=8,FFN=2048,L=6",00101,PASS,0,1048576,2.8646,2.7500,1.042
layer count,L6,"B=8,S=128,D=512,H=8,FFN=2048,L=6",00110,PASS,0,1048576,2.8648,2.7510,1.041
layer count,L6,"B=8,S=128,D=512,H=8,FFN=2048,L=6",00111,PASS,0,1048576,2.8655,2.7508,1.042
layer count,L6,"B=8,S=128,D=512,H=8,FFN=2048,L=6",01000,PASS,0,1048576,2.8665,2.8155,1.018
layer count,L6,"B=8,S=128,D=512,H=8,FFN=2048,L=6",01001,PASS,0,1048576,2.8666,2.8183,1.017
layer count,L6,"B=8,S=128,D=512,H=8,FFN=2048,L=6",01010,PASS,0,1048576,2.8671,2.8647,1.001
layer count,L6,"B=8,S=128,D=512,H=8,FFN=2048,L=6",01011,PASS,0,1048576,2.8668,2.8634,1.001
layer count,L6,"B=8,S=128,D=512,H=8,FFN=2048,L=6",01100,PASS,0,1048576,2.8645,2.6332,1.088
layer count,L6,"B=8,S=128,D=512,H=8,FFN=2048,L=6",01101,PASS,0,1048576,2.8687,2.6398,1.087
layer count,L6,"B=8,S=128,D=512,H=8,FFN=2048,L=6",01110,PASS,0,1048576,2.8706,2.6395,1.088
layer count,L6,"B=8,S=128,D=512,H=8,FFN=2048,L=6",01111,PASS,0,1048576,2.8648,2.6330,1.088
layer count,L6,"B=8,S=128,D=512,H=8,FFN=2048,L=6",10000,PASS,0,1048576,2.8660,2.8625,1.001
layer count,L6,"B=8,S=128,D=512,H=8,FFN=2048,L=6",10001,PASS,0,1048576,2.8675,2.8600,1.003
layer count,L6,"B=8,S=128,D=512,H=8,FFN=2048,L=6",10010,PASS,0,1048576,2.8664,2.9054,0.987
layer count,L6,"B=8,S=128,D=512,H=8,FFN=2048,L=6",10011,PASS,0,1048576,2.8647,2.9064,0.986
layer count,L6,"B=8,S=128,D=512,H=8,FFN=2048,L=6",10100,PASS,0,1048576,2.8675,2.6835,1.069
layer count,L6,"B=8,S=128,D=512,H=8,FFN=2048,L=6",10101,PASS,0,1048576,2.8707,2.6880,1.068
layer count,L6,"B=8,S=128,D=512,H=8,FFN=2048,L=6",10110,PASS,0,1048576,2.8768,2.6824,1.072
layer count,L6,"B=8,S=128,D=512,H=8,FFN=2048,L=6",10111,PASS,0,1048576,2.8728,2.6908,1.068
layer count,L6,"B=8,S=128,D=512,H=8,FFN=2048,L=6",11000,PASS,0,1048576,2.8658,2.6216,1.093
layer count,L6,"B=8,S=128,D=512,H=8,FFN=2048,L=6",11001,PASS,0,1048576,2.8671,2.6200,1.094
layer count,L6,"B=8,S=128,D=512,H=8,FFN=2048,L=6",11010,PASS,0,1048576,2.8635,2.6647,1.075
layer count,L6,"B=8,S=128,D=512,H=8,FFN=2048,L=6",11011,PASS,0,1048576,2.8638,2.6649,1.075
layer count,L6,"B=8,S=128,D=512,H=8,FFN=2048,L=6",11100,PASS,0,1048576,2.8638,2.4428,1.172
layer count,L6,"B=8,S=128,D=512,H=8,FFN=2048,L=6",11101,PASS,0,1048576,2.8654,2.4401,1.174
layer count,L6,"B=8,S=128,D=512,H=8,FFN=2048,L=6",11110,PASS,0,1048576,2.8709,2.4548,1.169
layer count,L6,"B=8,S=128,D=512,H=8,FFN=2048,L=6",11111,PASS,0,1048576,2.8731,2.4500,1.173
layer count,L8,"B=8,S=128,D=512,H=8,FFN=2048,L=8",00000,PASS,0,1048576,3.8431,3.8462,0.999
layer count,L8,"B=8,S=128,D=512,H=8,FFN=2048,L=8",00001,PASS,0,1048576,3.8370,3.9088,0.982
layer count,L8,"B=8,S=128,D=512,H=8,FFN=2048,L=8",00010,PASS,0,1048576,3.8400,3.9772,0.965
layer count,L8,"B=8,S=128,D=512,H=8,FFN=2048,L=8",00011,PASS,0,1048576,3.8419,3.9777,0.966
layer count,L8,"B=8,S=128,D=512,H=8,FFN=2048,L=8",00100,PASS,0,1048576,3.8437,3.6974,1.040
layer count,L8,"B=8,S=128,D=512,H=8,FFN=2048,L=8",00101,PASS,0,1048576,3.8475,3.6913,1.042
layer count,L8,"B=8,S=128,D=512,H=8,FFN=2048,L=8",00110,PASS,0,1048576,3.8423,3.6812,1.044
layer count,L8,"B=8,S=128,D=512,H=8,FFN=2048,L=8",00111,PASS,0,1048576,3.8437,3.6769,1.045
layer count,L8,"B=8,S=128,D=512,H=8,FFN=2048,L=8",01000,PASS,0,1048576,3.8410,3.7767,1.017
layer count,L8,"B=8,S=128,D=512,H=8,FFN=2048,L=8",01001,PASS,0,1048576,3.8454,3.7789,1.018
layer count,L8,"B=8,S=128,D=512,H=8,FFN=2048,L=8",01010,PASS,0,1048576,3.8432,3.8664,0.994
layer count,L8,"B=8,S=128,D=512,H=8,FFN=2048,L=8",01011,PASS,0,1048576,3.8404,3.8444,0.999
layer count,L8,"B=8,S=128,D=512,H=8,FFN=2048,L=8",01100,PASS,0,1048576,3.8400,3.5293,1.088
layer count,L8,"B=8,S=128,D=512,H=8,FFN=2048,L=8",01101,PASS,0,1048576,3.8406,3.5337,1.087
layer count,L8,"B=8,S=128,D=512,H=8,FFN=2048,L=8",01110,PASS,0,1048576,3.8377,3.5311,1.087
layer count,L8,"B=8,S=128,D=512,H=8,FFN=2048,L=8",01111,PASS,0,1048576,3.8396,3.5313,1.087
layer count,L8,"B=8,S=128,D=512,H=8,FFN=2048,L=8",10000,PASS,0,1048576,3.8410,3.8189,1.006
layer count,L8,"B=8,S=128,D=512,H=8,FFN=2048,L=8",10001,PASS,0,1048576,3.8369,3.8199,1.004
layer count,L8,"B=8,S=128,D=512,H=8,FFN=2048,L=8",10010,PASS,0,1048576,3.8427,3.8901,0.988
layer count,L8,"B=8,S=128,D=512,H=8,FFN=2048,L=8",10011,PASS,0,1048576,3.8403,3.8895,0.987
layer count,L8,"B=8,S=128,D=512,H=8,FFN=2048,L=8",10100,PASS,0,1048576,3.8415,3.5997,1.067
layer count,L8,"B=8,S=128,D=512,H=8,FFN=2048,L=8",10101,PASS,0,1048576,3.8496,3.5974,1.070
layer count,L8,"B=8,S=128,D=512,H=8,FFN=2048,L=8",10110,PASS,0,1048576,3.8382,3.5924,1.068
layer count,L8,"B=8,S=128,D=512,H=8,FFN=2048,L=8",10111,PASS,0,1048576,3.8404,3.5949,1.068
layer count,L8,"B=8,S=128,D=512,H=8,FFN=2048,L=8",11000,PASS,0,1048576,3.8427,3.5154,1.093
layer count,L8,"B=8,S=128,D=512,H=8,FFN=2048,L=8",11001,PASS,0,1048576,3.8431,3.5230,1.091
layer count,L8,"B=8,S=128,D=512,H=8,FFN=2048,L=8",11010,PASS,0,1048576,3.8413,3.5736,1.075
layer count,L8,"B=8,S=128,D=512,H=8,FFN=2048,L=8",11011,PASS,0,1048576,3.8382,3.5792,1.072
layer count,L8,"B=8,S=128,D=512,H=8,FFN=2048,L=8",11100,PASS,0,1048576,3.8425,3.2822,1.171
layer count,L8,"B=8,S=128,D=512,H=8,FFN=2048,L=8",11101,PASS,0,1048576,3.8549,3.2971,1.169
layer count,L8,"B=8,S=128,D=512,H=8,FFN=2048,L=8",11110,PASS,0,1048576,3.8405,3.2767,1.172
layer count,L8,"B=8,S=128,D=512,H=8,FFN=2048,L=8",11111,PASS,0,1048576,3.8466,3.2833,1.172
layer count,L12,"B=8,S=128,D=512,H=8,FFN=2048,L=12",00000,PASS,0,1048576,5.7620,5.7682,0.999
layer count,L12,"B=8,S=128,D=512,H=8,FFN=2048,L=12",00001,PASS,0,1048576,5.7618,5.8332,0.988
layer count,L12,"B=8,S=128,D=512,H=8,FFN=2048,L=12",00010,PASS,0,1048576,5.7676,5.9805,0.964
layer count,L12,"B=8,S=128,D=512,H=8,FFN=2048,L=12",00011,PASS,0,1048576,5.7696,5.9858,0.964
layer count,L12,"B=8,S=128,D=512,H=8,FFN=2048,L=12",00100,PASS,0,1048576,5.7618,5.5376,1.040
layer count,L12,"B=8,S=128,D=512,H=8,FFN=2048,L=12",00101,PASS,0,1048576,5.7631,5.5287,1.042
layer count,L12,"B=8,S=128,D=512,H=8,FFN=2048,L=12",00110,PASS,0,1048576,5.7730,5.5396,1.042
layer count,L12,"B=8,S=128,D=512,H=8,FFN=2048,L=12",00111,PASS,0,1048576,5.7638,5.5415,1.040
layer count,L12,"B=8,S=128,D=512,H=8,FFN=2048,L=12",01000,PASS,0,1048576,5.7649,5.6446,1.021
layer count,L12,"B=8,S=128,D=512,H=8,FFN=2048,L=12",01001,PASS,0,1048576,5.7491,5.6394,1.019
layer count,L12,"B=8,S=128,D=512,H=8,FFN=2048,L=12",01010,PASS,0,1048576,5.7710,5.7725,1.000
layer count,L12,"B=8,S=128,D=512,H=8,FFN=2048,L=12",01011,PASS,0,1048576,5.7589,5.7705,0.998
layer count,L12,"B=8,S=128,D=512,H=8,FFN=2048,L=12",01100,PASS,0,1048576,5.7600,5.2686,1.093
layer count,L12,"B=8,S=128,D=512,H=8,FFN=2048,L=12",01101,PASS,0,1048576,5.7676,5.2719,1.094
layer count,L12,"B=8,S=128,D=512,H=8,FFN=2048,L=12",01110,PASS,0,1048576,5.7693,5.2730,1.094
layer count,L12,"B=8,S=128,D=512,H=8,FFN=2048,L=12",01111,PASS,0,1048576,5.7584,5.2674,1.093
layer count,L12,"B=8,S=128,D=512,H=8,FFN=2048,L=12",10000,PASS,0,1048576,5.7588,5.7376,1.004
layer count,L12,"B=8,S=128,D=512,H=8,FFN=2048,L=12",10001,PASS,0,1048576,5.7671,5.7439,1.004
layer count,L12,"B=8,S=128,D=512,H=8,FFN=2048,L=12",10010,PASS,0,1048576,5.7603,5.8260,0.989
layer count,L12,"B=8,S=128,D=512,H=8,FFN=2048,L=12",10011,PASS,0,1048576,5.7574,5.8251,0.988
layer count,L12,"B=8,S=128,D=512,H=8,FFN=2048,L=12",10100,PASS,0,1048576,5.7692,5.3753,1.073
layer count,L12,"B=8,S=128,D=512,H=8,FFN=2048,L=12",10101,PASS,0,1048576,5.7681,5.3721,1.074
layer count,L12,"B=8,S=128,D=512,H=8,FFN=2048,L=12",10110,PASS,0,1048576,5.7643,5.3773,1.072
layer count,L12,"B=8,S=128,D=512,H=8,FFN=2048,L=12",10111,PASS,0,1048576,5.7599,5.3765,1.071
layer count,L12,"B=8,S=128,D=512,H=8,FFN=2048,L=12",11000,PASS,0,1048576,5.7662,5.2585,1.097
layer count,L12,"B=8,S=128,D=512,H=8,FFN=2048,L=12",11001,PASS,0,1048576,5.7696,5.2499,1.099
layer count,L12,"B=8,S=128,D=512,H=8,FFN=2048,L=12",11010,PASS,0,1048576,5.7650,5.3338,1.081
layer count,L12,"B=8,S=128,D=512,H=8,FFN=2048,L=12",11011,PASS,0,1048576,5.7634,5.3406,1.079
layer count,L12,"B=8,S=128,D=512,H=8,FFN=2048,L=12",11100,PASS,0,1048576,5.7695,4.8821,1.182
layer count,L12,"B=8,S=128,D=512,H=8,FFN=2048,L=12",11101,PASS,0,1048576,5.7553,4.8735,1.181
layer count,L12,"B=8,S=128,D=512,H=8,FFN=2048,L=12",11110,PASS,0,1048576,5.7699,4.9015,1.177
layer count,L12,"B=8,S=128,D=512,H=8,FFN=2048,L=12",11111,PASS,0,1048576,5.7702,4.8884,1.180
FFN width,F256,"B=8,S=128,D=512,H=8,FFN=256,L=6",00000,PASS,0,1048576,1.8584,1.8463,1.007
FFN width,F256,"B=8,S=128,D=512,H=8,FFN=256,L=6",00001,PASS,0,1048576,1.8640,1.9339,0.964
FFN width,F256,"B=8,S=128,D=512,H=8,FFN=256,L=6",00010,PASS,0,1048576,1.8660,1.9659,0.949
FFN width,F256,"B=8,S=128,D=512,H=8,FFN=256,L=6",00011,PASS,0,1048576,1.8619,1.9667,0.947
FFN width,F256,"B=8,S=128,D=512,H=8,FFN=256,L=6",00100,PASS,0,1048576,1.8602,2.7200,0.684
FFN width,F256,"B=8,S=128,D=512,H=8,FFN=256,L=6",00101,PASS,0,1048576,1.8354,2.6788,0.685
FFN width,F256,"B=8,S=128,D=512,H=8,FFN=256,L=6",00110,PASS,0,1048576,1.8613,2.8079,0.663
FFN width,F256,"B=8,S=128,D=512,H=8,FFN=256,L=6",00111,PASS,0,1048576,1.8593,2.8034,0.663
FFN width,F256,"B=8,S=128,D=512,H=8,FFN=256,L=6",01000,PASS,0,1048576,1.8630,1.7975,1.036
FFN width,F256,"B=8,S=128,D=512,H=8,FFN=256,L=6",01001,PASS,0,1048576,1.8687,1.8267,1.023
FFN width,F256,"B=8,S=128,D=512,H=8,FFN=256,L=6",01010,PASS,0,1048576,1.8660,1.8829,0.991
FFN width,F256,"B=8,S=128,D=512,H=8,FFN=256,L=6",01011,PASS,0,1048576,1.8576,1.8738,0.991
FFN width,F256,"B=8,S=128,D=512,H=8,FFN=256,L=6",01100,PASS,0,1048576,1.8343,2.4206,0.758
FFN width,F256,"B=8,S=128,D=512,H=8,FFN=256,L=6",01101,PASS,0,1048576,1.8373,2.4192,0.759
FFN width,F256,"B=8,S=128,D=512,H=8,FFN=256,L=6",01110,PASS,0,1048576,1.8471,2.4528,0.753
FFN width,F256,"B=8,S=128,D=512,H=8,FFN=256,L=6",01111,PASS,0,1048576,1.8360,2.4782,0.741
FFN width,F256,"B=8,S=128,D=512,H=8,FFN=256,L=6",10000,PASS,0,1048576,1.8658,1.8266,1.022
FFN width,F256,"B=8,S=128,D=512,H=8,FFN=256,L=6",10001,PASS,0,1048576,1.8621,1.8400,1.012
FFN width,F256,"B=8,S=128,D=512,H=8,FFN=256,L=6",10010,PASS,0,1048576,1.8577,1.8598,0.999
FFN width,F256,"B=8,S=128,D=512,H=8,FFN=256,L=6",10011,PASS,0,1048576,1.8712,1.8599,1.006
FFN width,F256,"B=8,S=128,D=512,H=8,FFN=256,L=6",10100,PASS,0,1048576,1.8403,2.6437,0.696
FFN width,F256,"B=8,S=128,D=512,H=8,FFN=256,L=6",10101,PASS,0,1048576,1.8651,2.6273,0.710
FFN width,F256,"B=8,S=128,D=512,H=8,FFN=256,L=6",10110,PASS,0,1048576,1.8592,2.6784,0.694
FFN width,F256,"B=8,S=128,D=512,H=8,FFN=256,L=6",10111,PASS,0,1048576,1.8446,2.6841,0.687
FFN width,F256,"B=8,S=128,D=512,H=8,FFN=256,L=6",11000,PASS,0,1048576,1.8614,1.5938,1.168
FFN width,F256,"B=8,S=128,D=512,H=8,FFN=256,L=6",11001,PASS,0,1048576,1.8367,1.5975,1.150
FFN width,F256,"B=8,S=128,D=512,H=8,FFN=256,L=6",11010,PASS,0,1048576,1.8629,1.6333,1.141
FFN width,F256,"B=8,S=128,D=512,H=8,FFN=256,L=6",11011,PASS,0,1048576,1.8365,1.6322,1.125
FFN width,F256,"B=8,S=128,D=512,H=8,FFN=256,L=6",11100,PASS,0,1048576,1.8385,2.3599,0.779
FFN width,F256,"B=8,S=128,D=512,H=8,FFN=256,L=6",11101,PASS,0,1048576,1.8697,2.3680,0.790
FFN width,F256,"B=8,S=128,D=512,H=8,FFN=256,L=6",11110,PASS,0,1048576,1.8639,2.4541,0.760
FFN width,F256,"B=8,S=128,D=512,H=8,FFN=256,L=6",11111,PASS,0,1048576,1.8628,2.4033,0.775
FFN width,F512,"B=8,S=128,D=512,H=8,FFN=512,L=6",00000,PASS,0,1048576,2.0254,2.0224,1.002
FFN width,F512,"B=8,S=128,D=512,H=8,FFN=512,L=6",00001,PASS,0,1048576,2.0235,2.0750,0.975
FFN width,F512,"B=8,S=128,D=512,H=8,FFN=512,L=6",00010,PASS,0,1048576,2.0250,2.1184,0.956
FFN width,F512,"B=8,S=128,D=512,H=8,FFN=512,L=6",00011,PASS,0,1048576,2.0234,2.1179,0.955
FFN width,F512,"B=8,S=128,D=512,H=8,FFN=512,L=6",00100,PASS,0,1048576,2.0210,2.6574,0.761
FFN width,F512,"B=8,S=128,D=512,H=8,FFN=512,L=6",00101,PASS,0,1048576,2.0220,2.7222,0.743
FFN width,F512,"B=8,S=128,D=512,H=8,FFN=512,L=6",00110,PASS,0,1048576,2.0223,2.8062,0.721
FFN width,F512,"B=8,S=128,D=512,H=8,FFN=512,L=6",00111,PASS,0,1048576,2.0308,2.8584,0.710
FFN width,F512,"B=8,S=128,D=512,H=8,FFN=512,L=6",01000,PASS,0,1048576,2.0262,1.9747,1.026
FFN width,F512,"B=8,S=128,D=512,H=8,FFN=512,L=6",01001,PASS,0,1048576,2.0221,1.9746,1.024
FFN width,F512,"B=8,S=128,D=512,H=8,FFN=512,L=6",01010,PASS,0,1048576,2.0165,2.0237,0.996
FFN width,F512,"B=8,S=128,D=512,H=8,FFN=512,L=6",01011,PASS,0,1048576,2.0192,2.0231,0.998
FFN width,F512,"B=8,S=128,D=512,H=8,FFN=512,L=6",01100,PASS,0,1048576,2.0168,2.4361,0.828
FFN width,F512,"B=8,S=128,D=512,H=8,FFN=512,L=6",01101,PASS,0,1048576,2.0278,2.3936,0.847
FFN width,F512,"B=8,S=128,D=512,H=8,FFN=512,L=6",01110,PASS,0,1048576,2.0143,2.5795,0.781
FFN width,F512,"B=8,S=128,D=512,H=8,FFN=512,L=6",01111,PASS,0,1048576,2.0210,2.6636,0.759
FFN width,F512,"B=8,S=128,D=512,H=8,FFN=512,L=6",10000,PASS,0,1048576,2.0311,1.9635,1.034
FFN width,F512,"B=8,S=128,D=512,H=8,FFN=512,L=6",10001,PASS,0,1048576,2.0324,1.9630,1.035
FFN width,F512,"B=8,S=128,D=512,H=8,FFN=512,L=6",10010,PASS,0,1048576,2.0321,2.0023,1.015
FFN width,F512,"B=8,S=128,D=512,H=8,FFN=512,L=6",10011,PASS,0,1048576,2.0242,2.0026,1.011
FFN width,F512,"B=8,S=128,D=512,H=8,FFN=512,L=6",10100,PASS,0,1048576,2.0172,2.4804,0.813
FFN width,F512,"B=8,S=128,D=512,H=8,FFN=512,L=6",10101,PASS,0,1048576,2.0152,2.5973,0.776
FFN width,F512,"B=8,S=128,D=512,H=8,FFN=512,L=6",10110,PASS,0,1048576,2.0219,2.5985,0.778
FFN width,F512,"B=8,S=128,D=512,H=8,FFN=512,L=6",10111,PASS,0,1048576,2.0062,2.6521,0.756
FFN width,F512,"B=8,S=128,D=512,H=8,FFN=512,L=6",11000,PASS,0,1048576,2.0325,1.7645,1.152
FFN width,F512,"B=8,S=128,D=512,H=8,FFN=512,L=6",11001,PASS,0,1048576,2.0322,1.7629,1.153
FFN width,F512,"B=8,S=128,D=512,H=8,FFN=512,L=6",11010,PASS,0,1048576,2.0312,1.7750,1.144
FFN width,F512,"B=8,S=128,D=512,H=8,FFN=512,L=6",11011,PASS,0,1048576,2.0228,1.7745,1.140
FFN width,F512,"B=8,S=128,D=512,H=8,FFN=512,L=6",11100,PASS,0,1048576,2.0241,2.2505,0.899
FFN width,F512,"B=8,S=128,D=512,H=8,FFN=512,L=6",11101,PASS,0,1048576,2.0186,2.2200,0.909
FFN width,F512,"B=8,S=128,D=512,H=8,FFN=512,L=6",11110,PASS,0,1048576,2.0186,2.2944,0.880
FFN width,F512,"B=8,S=128,D=512,H=8,FFN=512,L=6",11111,PASS,0,1048576,2.0282,2.2657,0.895
FFN width,F1024,"B=8,S=128,D=512,H=8,FFN=1024,L=6",00000,PASS,0,1048576,2.2995,2.3001,1.000
FFN width,F1024,"B=8,S=128,D=512,H=8,FFN=1024,L=6",00001,PASS,0,1048576,2.3044,2.3592,0.977
FFN width,F1024,"B=8,S=128,D=512,H=8,FFN=1024,L=6",00010,PASS,0,1048576,2.3046,2.4037,0.959
FFN width,F1024,"B=8,S=128,D=512,H=8,FFN=1024,L=6",00011,PASS,0,1048576,2.3056,2.4045,0.959
FFN width,F1024,"B=8,S=128,D=512,H=8,FFN=1024,L=6",00100,PASS,0,1048576,2.3054,2.7619,0.835
FFN width,F1024,"B=8,S=128,D=512,H=8,FFN=1024,L=6",00101,PASS,0,1048576,2.3046,2.6274,0.877
FFN width,F1024,"B=8,S=128,D=512,H=8,FFN=1024,L=6",00110,PASS,0,1048576,2.3037,2.6752,0.861
FFN width,F1024,"B=8,S=128,D=512,H=8,FFN=1024,L=6",00111,PASS,0,1048576,2.3044,2.7923,0.825
FFN width,F1024,"B=8,S=128,D=512,H=8,FFN=1024,L=6",01000,PASS,0,1048576,2.3034,2.2636,1.018
FFN width,F1024,"B=8,S=128,D=512,H=8,FFN=1024,L=6",01001,PASS,0,1048576,2.3036,2.2645,1.017
FFN width,F1024,"B=8,S=128,D=512,H=8,FFN=1024,L=6",01010,PASS,0,1048576,2.3033,2.3013,1.001
FFN width,F1024,"B=8,S=128,D=512,H=8,FFN=1024,L=6",01011,PASS,0,1048576,2.3054,2.3014,1.002
FFN width,F1024,"B=8,S=128,D=512,H=8,FFN=1024,L=6",01100,PASS,0,1048576,2.3033,2.4552,0.938
FFN width,F1024,"B=8,S=128,D=512,H=8,FFN=1024,L=6",01101,PASS,0,1048576,2.3028,2.3924,0.963
FFN width,F1024,"B=8,S=128,D=512,H=8,FFN=1024,L=6",01110,PASS,0,1048576,2.3032,2.5167,0.915
FFN width,F1024,"B=8,S=128,D=512,H=8,FFN=1024,L=6",01111,PASS,0,1048576,2.3049,2.5243,0.913
FFN width,F1024,"B=8,S=128,D=512,H=8,FFN=1024,L=6",10000,PASS,0,1048576,2.3038,2.2384,1.029
FFN width,F1024,"B=8,S=128,D=512,H=8,FFN=1024,L=6",10001,PASS,0,1048576,2.3036,2.2564,1.021
FFN width,F1024,"B=8,S=128,D=512,H=8,FFN=1024,L=6",10010,PASS,0,1048576,2.3043,2.3237,0.992
FFN width,F1024,"B=8,S=128,D=512,H=8,FFN=1024,L=6",10011,PASS,0,1048576,2.3043,2.3257,0.991
FFN width,F1024,"B=8,S=128,D=512,H=8,FFN=1024,L=6",10100,PASS,0,1048576,2.3046,2.6166,0.881
FFN width,F1024,"B=8,S=128,D=512,H=8,FFN=1024,L=6",10101,PASS,0,1048576,2.3032,2.6170,0.880
FFN width,F1024,"B=8,S=128,D=512,H=8,FFN=1024,L=6",10110,PASS,0,1048576,2.3036,2.5334,0.909
FFN width,F1024,"B=8,S=128,D=512,H=8,FFN=1024,L=6",10111,PASS,0,1048576,2.3027,2.6774,0.860
FFN width,F1024,"B=8,S=128,D=512,H=8,FFN=1024,L=6",11000,PASS,0,1048576,2.3046,2.0394,1.130
FFN width,F1024,"B=8,S=128,D=512,H=8,FFN=1024,L=6",11001,PASS,0,1048576,2.3036,2.0361,1.131
FFN width,F1024,"B=8,S=128,D=512,H=8,FFN=1024,L=6",11010,PASS,0,1048576,2.3044,2.0979,1.098
FFN width,F1024,"B=8,S=128,D=512,H=8,FFN=1024,L=6",11011,PASS,0,1048576,2.3048,2.0958,1.100
FFN width,F1024,"B=8,S=128,D=512,H=8,FFN=1024,L=6",11100,PASS,0,1048576,2.3046,2.2846,1.009
FFN width,F1024,"B=8,S=128,D=512,H=8,FFN=1024,L=6",11101,PASS,0,1048576,2.3054,2.2537,1.023
FFN width,F1024,"B=8,S=128,D=512,H=8,FFN=1024,L=6",11110,PASS,0,1048576,2.3013,2.1329,1.079
FFN width,F1024,"B=8,S=128,D=512,H=8,FFN=1024,L=6",11111,PASS,0,1048576,2.3054,2.2497,1.025
FFN width,F2048,"B=8,S=128,D=512,H=8,FFN=2048,L=6",00000,PASS,0,1048576,2.8627,2.8617,1.000
FFN width,F2048,"B=8,S=128,D=512,H=8,FFN=2048,L=6",00001,PASS,0,1048576,2.8658,2.9232,0.980
FFN width,F2048,"B=8,S=128,D=512,H=8,FFN=2048,L=6",00010,PASS,0,1048576,2.8648,2.9743,0.963
FFN width,F2048,"B=8,S=128,D=512,H=8,FFN=2048,L=6",00011,PASS,0,1048576,2.8655,2.9764,0.963
FFN width,F2048,"B=8,S=128,D=512,H=8,FFN=2048,L=6",00100,PASS,0,1048576,2.8658,2.7521,1.041
FFN width,F2048,"B=8,S=128,D=512,H=8,FFN=2048,L=6",00101,PASS,0,1048576,2.8646,2.7500,1.042
FFN width,F2048,"B=8,S=128,D=512,H=8,FFN=2048,L=6",00110,PASS,0,1048576,2.8648,2.7510,1.041
FFN width,F2048,"B=8,S=128,D=512,H=8,FFN=2048,L=6",00111,PASS,0,1048576,2.8655,2.7508,1.042
FFN width,F2048,"B=8,S=128,D=512,H=8,FFN=2048,L=6",01000,PASS,0,1048576,2.8665,2.8155,1.018
FFN width,F2048,"B=8,S=128,D=512,H=8,FFN=2048,L=6",01001,PASS,0,1048576,2.8666,2.8183,1.017
FFN width,F2048,"B=8,S=128,D=512,H=8,FFN=2048,L=6",01010,PASS,0,1048576,2.8671,2.8647,1.001
FFN width,F2048,"B=8,S=128,D=512,H=8,FFN=2048,L=6",01011,PASS,0,1048576,2.8668,2.8634,1.001
FFN width,F2048,"B=8,S=128,D=512,H=8,FFN=2048,L=6",01100,PASS,0,1048576,2.8645,2.6332,1.088
FFN width,F2048,"B=8,S=128,D=512,H=8,FFN=2048,L=6",01101,PASS,0,1048576,2.8687,2.6398,1.087
FFN width,F2048,"B=8,S=128,D=512,H=8,FFN=2048,L=6",01110,PASS,0,1048576,2.8706,2.6395,1.088
FFN width,F2048,"B=8,S=128,D=512,H=8,FFN=2048,L=6",01111,PASS,0,1048576,2.8648,2.6330,1.088
FFN width,F2048,"B=8,S=128,D=512,H=8,FFN=2048,L=6",10000,PASS,0,1048576,2.8660,2.8625,1.001
FFN width,F2048,"B=8,S=128,D=512,H=8,FFN=2048,L=6",10001,PASS,0,1048576,2.8675,2.8600,1.003
FFN width,F2048,"B=8,S=128,D=512,H=8,FFN=2048,L=6",10010,PASS,0,1048576,2.8664,2.9054,0.987
FFN width,F2048,"B=8,S=128,D=512,H=8,FFN=2048,L=6",10011,PASS,0,1048576,2.8647,2.9064,0.986
FFN width,F2048,"B=8,S=128,D=512,H=8,FFN=2048,L=6",10100,PASS,0,1048576,2.8675,2.6835,1.069
FFN width,F2048,"B=8,S=128,D=512,H=8,FFN=2048,L=6",10101,PASS,0,1048576,2.8707,2.6880,1.068
FFN width,F2048,"B=8,S=128,D=512,H=8,FFN=2048,L=6",10110,PASS,0,1048576,2.8768,2.6824,1.072
FFN width,F2048,"B=8,S=128,D=512,H=8,FFN=2048,L=6",10111,PASS,0,1048576,2.8728,2.6908,1.068
FFN width,F2048,"B=8,S=128,D=512,H=8,FFN=2048,L=6",11000,PASS,0,1048576,2.8658,2.6216,1.093
FFN width,F2048,"B=8,S=128,D=512,H=8,FFN=2048,L=6",11001,PASS,0,1048576,2.8671,2.6200,1.094
FFN width,F2048,"B=8,S=128,D=512,H=8,FFN=2048,L=6",11010,PASS,0,1048576,2.8635,2.6647,1.075
FFN width,F2048,"B=8,S=128,D=512,H=8,FFN=2048,L=6",11011,PASS,0,1048576,2.8638,2.6649,1.075
FFN width,F2048,"B=8,S=128,D=512,H=8,FFN=2048,L=6",11100,PASS,0,1048576,2.8638,2.4428,1.172
FFN width,F2048,"B=8,S=128,D=512,H=8,FFN=2048,L=6",11101,PASS,0,1048576,2.8654,2.4401,1.174
FFN width,F2048,"B=8,S=128,D=512,H=8,FFN=2048,L=6",11110,PASS,0,1048576,2.8709,2.4548,1.169
FFN width,F2048,"B=8,S=128,D=512,H=8,FFN=2048,L=6",11111,PASS,0,1048576,2.8731,2.4500,1.173
FFN width,F4096,"B=8,S=128,D=512,H=8,FFN=4096,L=6",00000,PASS,0,1048576,4.1042,4.1050,1.000
FFN width,F4096,"B=8,S=128,D=512,H=8,FFN=4096,L=6",00001,PASS,0,1048576,4.1056,4.1681,0.985
FFN width,F4096,"B=8,S=128,D=512,H=8,FFN=4096,L=6",00010,PASS,0,1048576,4.1080,4.2205,0.973
FFN width,F4096,"B=8,S=128,D=512,H=8,FFN=4096,L=6",00011,PASS,0,1048576,4.1180,4.2260,0.974
FFN width,F4096,"B=8,S=128,D=512,H=8,FFN=4096,L=6",00100,PASS,0,1048576,4.1243,4.0185,1.026
FFN width,F4096,"B=8,S=128,D=512,H=8,FFN=4096,L=6",00101,PASS,0,1048576,4.1236,4.0200,1.026
FFN width,F4096,"B=8,S=128,D=512,H=8,FFN=4096,L=6",00110,PASS,0,1048576,4.1230,4.0190,1.026
FFN width,F4096,"B=8,S=128,D=512,H=8,FFN=4096,L=6",00111,PASS,0,1048576,4.1324,4.0261,1.026
FFN width,F4096,"B=8,S=128,D=512,H=8,FFN=4096,L=6",01000,PASS,0,1048576,4.1284,4.0957,1.008
FFN width,F4096,"B=8,S=128,D=512,H=8,FFN=4096,L=6",01001,PASS,0,1048576,4.1216,4.0830,1.009
FFN width,F4096,"B=8,S=128,D=512,H=8,FFN=4096,L=6",01010,PASS,0,1048576,4.1222,4.1449,0.995
FFN width,F4096,"B=8,S=128,D=512,H=8,FFN=4096,L=6",01011,PASS,0,1048576,4.1202,4.1413,0.995
FFN width,F4096,"B=8,S=128,D=512,H=8,FFN=4096,L=6",01100,PASS,0,1048576,4.1324,3.9284,1.052
FFN width,F4096,"B=8,S=128,D=512,H=8,FFN=4096,L=6",01101,PASS,0,1048576,4.1277,3.9233,1.052
FFN width,F4096,"B=8,S=128,D=512,H=8,FFN=4096,L=6",01110,PASS,0,1048576,4.1191,3.9236,1.050
FFN width,F4096,"B=8,S=128,D=512,H=8,FFN=4096,L=6",01111,PASS,0,1048576,4.1138,3.9216,1.049
FFN width,F4096,"B=8,S=128,D=512,H=8,FFN=4096,L=6",10000,PASS,0,1048576,4.1229,4.1110,1.003
FFN width,F4096,"B=8,S=128,D=512,H=8,FFN=4096,L=6",10001,PASS,0,1048576,4.1233,4.1076,1.004
FFN width,F4096,"B=8,S=128,D=512,H=8,FFN=4096,L=6",10010,PASS,0,1048576,4.1108,4.1492,0.991
FFN width,F4096,"B=8,S=128,D=512,H=8,FFN=4096,L=6",10011,PASS,0,1048576,4.1219,4.1542,0.992
FFN width,F4096,"B=8,S=128,D=512,H=8,FFN=4096,L=6",10100,PASS,0,1048576,4.1339,3.9630,1.043
FFN width,F4096,"B=8,S=128,D=512,H=8,FFN=4096,L=6",10101,PASS,0,1048576,4.1271,3.9744,1.038
FFN width,F4096,"B=8,S=128,D=512,H=8,FFN=4096,L=6",10110,PASS,0,1048576,4.1180,3.9682,1.038
FFN width,F4096,"B=8,S=128,D=512,H=8,FFN=4096,L=6",10111,PASS,0,1048576,4.1256,3.9765,1.038
FFN width,F4096,"B=8,S=128,D=512,H=8,FFN=4096,L=6",11000,PASS,0,1048576,4.1266,3.8785,1.064
FFN width,F4096,"B=8,S=128,D=512,H=8,FFN=4096,L=6",11001,PASS,0,1048576,4.1152,3.8780,1.061
FFN width,F4096,"B=8,S=128,D=512,H=8,FFN=4096,L=6",11010,PASS,0,1048576,4.1251,3.9362,1.048
FFN width,F4096,"B=8,S=128,D=512,H=8,FFN=4096,L=6",11011,PASS,0,1048576,4.1303,3.9420,1.048
FFN width,F4096,"B=8,S=128,D=512,H=8,FFN=4096,L=6",11100,PASS,0,1048576,4.1201,3.7133,1.110
FFN width,F4096,"B=8,S=128,D=512,H=8,FFN=4096,L=6",11101,PASS,0,1048576,4.1257,3.7143,1.111
FFN width,F4096,"B=8,S=128,D=512,H=8,FFN=4096,L=6",11110,PASS,0,1048576,4.1321,3.7134,1.113
FFN width,F4096,"B=8,S=128,D=512,H=8,FFN=4096,L=6",11111,PASS,0,1048576,4.1219,3.7195,1.108
FFN width,F8192,"B=8,S=128,D=512,H=8,FFN=8192,L=6",00000,PASS,0,1048576,6.5764,6.5758,1.000
FFN width,F8192,"B=8,S=128,D=512,H=8,FFN=8192,L=6",00001,PASS,0,1048576,6.5727,6.6201,0.993
FFN width,F8192,"B=8,S=128,D=512,H=8,FFN=8192,L=6",00010,PASS,0,1048576,6.5772,6.6974,0.982
FFN width,F8192,"B=8,S=128,D=512,H=8,FFN=8192,L=6",00011,PASS,0,1048576,6.5746,6.7085,0.980
FFN width,F8192,"B=8,S=128,D=512,H=8,FFN=8192,L=6",00100,PASS,0,1048576,6.5754,6.5250,1.008
FFN width,F8192,"B=8,S=128,D=512,H=8,FFN=8192,L=6",00101,PASS,0,1048576,6.5750,6.5324,1.007
FFN width,F8192,"B=8,S=128,D=512,H=8,FFN=8192,L=6",00110,PASS,0,1048576,6.5775,6.5322,1.007
FFN width,F8192,"B=8,S=128,D=512,H=8,FFN=8192,L=6",00111,PASS,0,1048576,6.5744,6.5351,1.006
FFN width,F8192,"B=8,S=128,D=512,H=8,FFN=8192,L=6",01000,PASS,0,1048576,6.5771,6.6112,0.995
FFN width,F8192,"B=8,S=128,D=512,H=8,FFN=8192,L=6",01001,PASS,0,1048576,6.5751,6.6101,0.995
FFN width,F8192,"B=8,S=128,D=512,H=8,FFN=8192,L=6",01010,PASS,0,1048576,6.5744,6.5683,1.001
FFN width,F8192,"B=8,S=128,D=512,H=8,FFN=8192,L=6",01011,PASS,0,1048576,6.5750,6.5728,1.000
FFN width,F8192,"B=8,S=128,D=512,H=8,FFN=8192,L=6",01100,PASS,0,1048576,6.5766,6.3918,1.029
FFN width,F8192,"B=8,S=128,D=512,H=8,FFN=8192,L=6",01101,PASS,0,1048576,6.5754,6.3853,1.030
FFN width,F8192,"B=8,S=128,D=512,H=8,FFN=8192,L=6",01110,PASS,0,1048576,6.5778,6.3840,1.030
FFN width,F8192,"B=8,S=128,D=512,H=8,FFN=8192,L=6",01111,PASS,0,1048576,6.5765,6.3982,1.028
FFN width,F8192,"B=8,S=128,D=512,H=8,FFN=8192,L=6",10000,PASS,0,1048576,6.5737,6.5734,1.000
FFN width,F8192,"B=8,S=128,D=512,H=8,FFN=8192,L=6",10001,PASS,0,1048576,6.5743,6.5744,1.000
FFN width,F8192,"B=8,S=128,D=512,H=8,FFN=8192,L=6",10010,PASS,0,1048576,6.5766,6.5559,1.003
FFN width,F8192,"B=8,S=128,D=512,H=8,FFN=8192,L=6",10011,PASS,0,1048576,6.5744,6.5448,1.005
FFN width,F8192,"B=8,S=128,D=512,H=8,FFN=8192,L=6",10100,PASS,0,1048576,6.5737,6.4408,1.021
FFN width,F8192,"B=8,S=128,D=512,H=8,FFN=8192,L=6",10101,PASS,0,1048576,6.5747,6.4454,1.020
FFN width,F8192,"B=8,S=128,D=512,H=8,FFN=8192,L=6",10110,PASS,0,1048576,6.5699,6.4325,1.021
FFN width,F8192,"B=8,S=128,D=512,H=8,FFN=8192,L=6",10111,PASS,0,1048576,6.5727,6.4362,1.021
FFN width,F8192,"B=8,S=128,D=512,H=8,FFN=8192,L=6",11000,PASS,0,1048576,6.5764,6.3664,1.033
FFN width,F8192,"B=8,S=128,D=512,H=8,FFN=8192,L=6",11001,PASS,0,1048576,6.5744,6.3560,1.034
FFN width,F8192,"B=8,S=128,D=512,H=8,FFN=8192,L=6",11010,PASS,0,1048576,6.5753,6.3955,1.028
FFN width,F8192,"B=8,S=128,D=512,H=8,FFN=8192,L=6",11011,PASS,0,1048576,6.5757,6.4126,1.025
FFN width,F8192,"B=8,S=128,D=512,H=8,FFN=8192,L=6",11100,PASS,0,1048576,6.5673,6.1837,1.062
FFN width,F8192,"B=8,S=128,D=512,H=8,FFN=8192,L=6",11101,PASS,0,1048576,6.5740,6.1826,1.063
FFN width,F8192,"B=8,S=128,D=512,H=8,FFN=8192,L=6",11110,PASS,0,1048576,6.5775,6.1904,1.063
FFN width,F8192,"B=8,S=128,D=512,H=8,FFN=8192,L=6",11111,PASS,0,1048576,6.5705,6.1876,1.062
masking,causal B2 S128,"B=2,S=128,D=512,H=8,FFN=2048,L=2,causal=True",00000,PASS,0,262144,0.4907,0.4903,1.001
masking,causal B2 S128,"B=2,S=128,D=512,H=8,FFN=2048,L=2,causal=True",00001,PASS,0,262144,0.4906,0.5593,0.877
masking,causal B2 S128,"B=2,S=128,D=512,H=8,FFN=2048,L=2,causal=True",00010,PASS,0,262144,0.4641,0.5055,0.918
masking,causal B2 S128,"B=2,S=128,D=512,H=8,FFN=2048,L=2,causal=True",00011,PASS,0,262144,0.4876,0.5143,0.948
masking,causal B2 S128,"B=2,S=128,D=512,H=8,FFN=2048,L=2,causal=True",00100,PASS,0,262144,0.5011,1.0322,0.485
masking,causal B2 S128,"B=2,S=128,D=512,H=8,FFN=2048,L=2,causal=True",00101,PASS,0,262144,0.4901,1.0266,0.477
masking,causal B2 S128,"B=2,S=128,D=512,H=8,FFN=2048,L=2,causal=True",00110,PASS,0,262144,0.4944,1.0563,0.468
masking,causal B2 S128,"B=2,S=128,D=512,H=8,FFN=2048,L=2,causal=True",00111,PASS,0,262144,0.4727,1.0398,0.455
masking,causal B2 S128,"B=2,S=128,D=512,H=8,FFN=2048,L=2,causal=True",01000,PASS,0,262144,0.4871,0.5035,0.967
masking,causal B2 S128,"B=2,S=128,D=512,H=8,FFN=2048,L=2,causal=True",01001,PASS,0,262144,0.4871,0.5050,0.964
masking,causal B2 S128,"B=2,S=128,D=512,H=8,FFN=2048,L=2,causal=True",01010,PASS,0,262144,0.4850,0.5028,0.965
masking,causal B2 S128,"B=2,S=128,D=512,H=8,FFN=2048,L=2,causal=True",01011,PASS,0,262144,0.4881,0.5626,0.868
masking,causal B2 S128,"B=2,S=128,D=512,H=8,FFN=2048,L=2,causal=True",01100,PASS,0,262144,0.4882,1.0208,0.478
masking,causal B2 S128,"B=2,S=128,D=512,H=8,FFN=2048,L=2,causal=True",01101,PASS,0,262144,0.4877,1.0338,0.472
masking,causal B2 S128,"B=2,S=128,D=512,H=8,FFN=2048,L=2,causal=True",01110,PASS,0,262144,0.4895,1.0586,0.462
masking,causal B2 S128,"B=2,S=128,D=512,H=8,FFN=2048,L=2,causal=True",01111,PASS,0,262144,0.4907,1.0694,0.459
masking,causal B2 S128,"B=2,S=128,D=512,H=8,FFN=2048,L=2,causal=True",10000,PASS,0,262144,0.4891,0.5618,0.871
masking,causal B2 S128,"B=2,S=128,D=512,H=8,FFN=2048,L=2,causal=True",10001,PASS,0,262144,0.4881,0.5605,0.871
masking,causal B2 S128,"B=2,S=128,D=512,H=8,FFN=2048,L=2,causal=True",10010,PASS,0,262144,0.4881,0.5639,0.866
masking,causal B2 S128,"B=2,S=128,D=512,H=8,FFN=2048,L=2,causal=True",10011,PASS,0,262144,0.4876,0.5049,0.966
masking,causal B2 S128,"B=2,S=128,D=512,H=8,FFN=2048,L=2,causal=True",10100,PASS,0,262144,0.4881,1.0412,0.469
masking,causal B2 S128,"B=2,S=128,D=512,H=8,FFN=2048,L=2,causal=True",10101,PASS,0,262144,0.4893,1.0501,0.466
masking,causal B2 S128,"B=2,S=128,D=512,H=8,FFN=2048,L=2,causal=True",10110,PASS,0,262144,0.4922,1.0736,0.458
masking,causal B2 S128,"B=2,S=128,D=512,H=8,FFN=2048,L=2,causal=True",10111,PASS,0,262144,0.5012,1.0568,0.474
masking,causal B2 S128,"B=2,S=128,D=512,H=8,FFN=2048,L=2,causal=True",11000,PASS,0,262144,0.4833,0.5014,0.964
masking,causal B2 S128,"B=2,S=128,D=512,H=8,FFN=2048,L=2,causal=True",11001,PASS,0,262144,0.4871,0.5398,0.902
masking,causal B2 S128,"B=2,S=128,D=512,H=8,FFN=2048,L=2,causal=True",11010,PASS,0,262144,0.4891,0.5628,0.869
masking,causal B2 S128,"B=2,S=128,D=512,H=8,FFN=2048,L=2,causal=True",11011,PASS,0,262144,0.4871,0.5091,0.957
masking,causal B2 S128,"B=2,S=128,D=512,H=8,FFN=2048,L=2,causal=True",11100,PASS,0,262144,0.4912,1.0319,0.476
masking,causal B2 S128,"B=2,S=128,D=512,H=8,FFN=2048,L=2,causal=True",11101,PASS,0,262144,0.4926,1.0243,0.481
masking,causal B2 S128,"B=2,S=128,D=512,H=8,FFN=2048,L=2,causal=True",11110,PASS,0,262144,0.4901,1.0426,0.470
masking,causal B2 S128,"B=2,S=128,D=512,H=8,FFN=2048,L=2,causal=True",11111,PASS,0,262144,0.4881,1.0466,0.466
masking,padding B4 S64,"B=4,S=64,D=512,H=8,FFN=2048,L=2,pad=0.25",00000,PASS,0,262144,0.3984,0.4045,0.985
masking,padding B4 S64,"B=4,S=64,D=512,H=8,FFN=2048,L=2,pad=0.25",00001,PASS,0,262144,0.4574,0.4748,0.963
masking,padding B4 S64,"B=4,S=64,D=512,H=8,FFN=2048,L=2,pad=0.25",00010,PASS,0,262144,0.4584,0.4838,0.947
masking,padding B4 S64,"B=4,S=64,D=512,H=8,FFN=2048,L=2,pad=0.25",00011,PASS,0,262144,0.4589,0.4968,0.924
masking,padding B4 S64,"B=4,S=64,D=512,H=8,FFN=2048,L=2,pad=0.25",00100,PASS,0,262144,0.4581,0.9519,0.481
masking,padding B4 S64,"B=4,S=64,D=512,H=8,FFN=2048,L=2,pad=0.25",00101,PASS,0,262144,0.4574,0.9553,0.479
masking,padding B4 S64,"B=4,S=64,D=512,H=8,FFN=2048,L=2,pad=0.25",00110,PASS,0,262144,0.4594,0.9806,0.469
masking,padding B4 S64,"B=4,S=64,D=512,H=8,FFN=2048,L=2,pad=0.25",00111,PASS,0,262144,0.4617,0.9936,0.465
masking,padding B4 S64,"B=4,S=64,D=512,H=8,FFN=2048,L=2,pad=0.25",01000,PASS,0,262144,0.4569,0.4559,1.002
masking,padding B4 S64,"B=4,S=64,D=512,H=8,FFN=2048,L=2,pad=0.25",01001,PASS,0,262144,0.4584,0.4584,1.000
masking,padding B4 S64,"B=4,S=64,D=512,H=8,FFN=2048,L=2,pad=0.25",01010,PASS,0,262144,0.4045,0.4024,1.005
masking,padding B4 S64,"B=4,S=64,D=512,H=8,FFN=2048,L=2,pad=0.25",01011,PASS,0,262144,0.4011,0.4030,0.995
masking,padding B4 S64,"B=4,S=64,D=512,H=8,FFN=2048,L=2,pad=0.25",01100,PASS,0,262144,0.4575,0.9018,0.507
masking,padding B4 S64,"B=4,S=64,D=512,H=8,FFN=2048,L=2,pad=0.25",01101,PASS,0,262144,0.4590,0.8969,0.512
masking,padding B4 S64,"B=4,S=64,D=512,H=8,FFN=2048,L=2,pad=0.25",01110,PASS,0,262144,0.4584,0.9196,0.498
masking,padding B4 S64,"B=4,S=64,D=512,H=8,FFN=2048,L=2,pad=0.25",01111,PASS,0,262144,0.4584,0.9195,0.499
masking,padding B4 S64,"B=4,S=64,D=512,H=8,FFN=2048,L=2,pad=0.25",10000,PASS,0,262144,0.4574,0.4354,1.051
masking,padding B4 S64,"B=4,S=64,D=512,H=8,FFN=2048,L=2,pad=0.25",10001,PASS,0,262144,0.4568,0.4343,1.052
masking,padding B4 S64,"B=4,S=64,D=512,H=8,FFN=2048,L=2,pad=0.25",10010,PASS,0,262144,0.4580,0.4410,1.038
masking,padding B4 S64,"B=4,S=64,D=512,H=8,FFN=2048,L=2,pad=0.25",10011,PASS,0,262144,0.4574,0.4457,1.026
masking,padding B4 S64,"B=4,S=64,D=512,H=8,FFN=2048,L=2,pad=0.25",10100,PASS,0,262144,0.4589,0.9453,0.485
masking,padding B4 S64,"B=4,S=64,D=512,H=8,FFN=2048,L=2,pad=0.25",10101,PASS,0,262144,0.4576,0.9266,0.494
masking,padding B4 S64,"B=4,S=64,D=512,H=8,FFN=2048,L=2,pad=0.25",10110,PASS,0,262144,0.4564,0.9373,0.487
masking,padding B4 S64,"B=4,S=64,D=512,H=8,FFN=2048,L=2,pad=0.25",10111,PASS,0,262144,0.4359,0.9165,0.476
masking,padding B4 S64,"B=4,S=64,D=512,H=8,FFN=2048,L=2,pad=0.25",11000,PASS,0,262144,0.4568,0.3944,1.158
masking,padding B4 S64,"B=4,S=64,D=512,H=8,FFN=2048,L=2,pad=0.25",11001,PASS,0,262144,0.4589,0.3563,1.288
masking,padding B4 S64,"B=4,S=64,D=512,H=8,FFN=2048,L=2,pad=0.25",11010,PASS,0,262144,0.4111,0.4012,1.025
masking,padding B4 S64,"B=4,S=64,D=512,H=8,FFN=2048,L=2,pad=0.25",11011,PASS,0,262144,0.4117,0.3468,1.187
masking,padding B4 S64,"B=4,S=64,D=512,H=8,FFN=2048,L=2,pad=0.25",11100,PASS,0,262144,0.4604,0.8113,0.567
masking,padding B4 S64,"B=4,S=64,D=512,H=8,FFN=2048,L=2,pad=0.25",11101,PASS,0,262144,0.4609,0.8080,0.570
masking,padding B4 S64,"B=4,S=64,D=512,H=8,FFN=2048,L=2,pad=0.25",11110,PASS,0,262144,0.4512,0.8002,0.564
masking,padding B4 S64,"B=4,S=64,D=512,H=8,FFN=2048,L=2,pad=0.25",11111,PASS,0,262144,0.4564,0.8307,0.549
masking,causal+padding B4 S64,"B=4,S=64,D=512,H=8,FFN=2048,L=2,causal=True,pad=0.25",00000,PASS,0,262144,0.4789,0.4768,1.004
masking,causal+padding B4 S64,"B=4,S=64,D=512,H=8,FFN=2048,L=2,causal=True,pad=0.25",00001,PASS,0,262144,0.5096,0.5499,0.927
masking,causal+padding B4 S64,"B=4,S=64,D=512,H=8,FFN=2048,L=2,causal=True,pad=0.25",00010,PASS,0,262144,0.4879,0.5588,0.873
masking,causal+padding B4 S64,"B=4,S=64,D=512,H=8,FFN=2048,L=2,causal=True,pad=0.25",00011,PASS,0,262144,0.5110,0.5580,0.916
masking,causal+padding B4 S64,"B=4,S=64,D=512,H=8,FFN=2048,L=2,causal=True,pad=0.25",00100,PASS,0,262144,0.5037,1.0184,0.495
masking,causal+padding B4 S64,"B=4,S=64,D=512,H=8,FFN=2048,L=2,causal=True,pad=0.25",00101,PASS,0,262144,0.4823,0.9984,0.483
masking,causal+padding B4 S64,"B=4,S=64,D=512,H=8,FFN=2048,L=2,causal=True,pad=0.25",00110,PASS,0,262144,0.4782,1.0272,0.466
masking,causal+padding B4 S64,"B=4,S=64,D=512,H=8,FFN=2048,L=2,causal=True,pad=0.25",00111,PASS,0,262144,0.4796,1.0419,0.460
masking,causal+padding B4 S64,"B=4,S=64,D=512,H=8,FFN=2048,L=2,causal=True,pad=0.25",01000,PASS,0,262144,0.5099,0.5495,0.928
masking,causal+padding B4 S64,"B=4,S=64,D=512,H=8,FFN=2048,L=2,causal=True,pad=0.25",01001,PASS,0,262144,0.5361,0.5494,0.976
masking,causal+padding B4 S64,"B=4,S=64,D=512,H=8,FFN=2048,L=2,causal=True,pad=0.25",01010,PASS,0,262144,0.4835,0.5565,0.869
masking,causal+padding B4 S64,"B=4,S=64,D=512,H=8,FFN=2048,L=2,causal=True,pad=0.25",01011,PASS,0,262144,0.5357,0.5579,0.960
masking,causal+padding B4 S64,"B=4,S=64,D=512,H=8,FFN=2048,L=2,causal=True,pad=0.25",01100,PASS,0,262144,0.5347,1.0413,0.513
masking,causal+padding B4 S64,"B=4,S=64,D=512,H=8,FFN=2048,L=2,causal=True,pad=0.25",01101,PASS,0,262144,0.4977,1.0489,0.475
masking,causal+padding B4 S64,"B=4,S=64,D=512,H=8,FFN=2048,L=2,causal=True,pad=0.25",01110,PASS,0,262144,0.4820,1.0533,0.458
masking,causal+padding B4 S64,"B=4,S=64,D=512,H=8,FFN=2048,L=2,causal=True,pad=0.25",01111,PASS,0,262144,0.4934,1.0620,0.465
masking,causal+padding B4 S64,"B=4,S=64,D=512,H=8,FFN=2048,L=2,causal=True,pad=0.25",10000,PASS,0,262144,0.4820,0.5489,0.878
masking,causal+padding B4 S64,"B=4,S=64,D=512,H=8,FFN=2048,L=2,causal=True,pad=0.25",10001,PASS,0,262144,0.4825,0.5477,0.881
masking,causal+padding B4 S64,"B=4,S=64,D=512,H=8,FFN=2048,L=2,causal=True,pad=0.25",10010,PASS,0,262144,0.4827,0.5573,0.866
masking,causal+padding B4 S64,"B=4,S=64,D=512,H=8,FFN=2048,L=2,causal=True,pad=0.25",10011,PASS,0,262144,0.5173,0.5626,0.919
masking,causal+padding B4 S64,"B=4,S=64,D=512,H=8,FFN=2048,L=2,causal=True,pad=0.25",10100,PASS,0,262144,0.5127,1.0474,0.489
masking,causal+padding B4 S64,"B=4,S=64,D=512,H=8,FFN=2048,L=2,causal=True,pad=0.25",10101,PASS,0,262144,0.5188,1.0436,0.497
masking,causal+padding B4 S64,"B=4,S=64,D=512,H=8,FFN=2048,L=2,causal=True,pad=0.25",10110,PASS,0,262144,0.4838,1.0580,0.457
masking,causal+padding B4 S64,"B=4,S=64,D=512,H=8,FFN=2048,L=2,causal=True,pad=0.25",10111,PASS,0,262144,0.5188,1.0691,0.485
masking,causal+padding B4 S64,"B=4,S=64,D=512,H=8,FFN=2048,L=2,causal=True,pad=0.25",11000,PASS,0,262144,0.4779,0.5047,0.947
masking,causal+padding B4 S64,"B=4,S=64,D=512,H=8,FFN=2048,L=2,causal=True,pad=0.25",11001,PASS,0,262144,0.4811,0.5506,0.874
masking,causal+padding B4 S64,"B=4,S=64,D=512,H=8,FFN=2048,L=2,causal=True,pad=0.25",11010,PASS,0,262144,0.5088,0.5567,0.914
masking,causal+padding B4 S64,"B=4,S=64,D=512,H=8,FFN=2048,L=2,causal=True,pad=0.25",11011,PASS,0,262144,0.4859,0.5508,0.882
masking,causal+padding B4 S64,"B=4,S=64,D=512,H=8,FFN=2048,L=2,causal=True,pad=0.25",11100,PASS,0,262144,0.4940,1.0387,0.476
masking,causal+padding B4 S64,"B=4,S=64,D=512,H=8,FFN=2048,L=2,causal=True,pad=0.25",11101,PASS,0,262144,0.4835,1.0417,0.464
masking,causal+padding B4 S64,"B=4,S=64,D=512,H=8,FFN=2048,L=2,causal=True,pad=0.25",11110,PASS,0,262144,0.4804,1.0397,0.462
masking,causal+padding B4 S64,"B=4,S=64,D=512,H=8,FFN=2048,L=2,causal=True,pad=0.25",11111,PASS,0,262144,0.4843,1.0420,0.465
